method,noise_level,sway_coef,tag,output_wav,duration_s,peak_amp,wer,whisper_hyp,sim_A,sim_B,mcd_A
noise_inject,0.0,-1.0,a0.00_sn1.0,C:\Users\User\Documents\MSc\Studies\SigProcForSpeech\project\results\noise_inject\method_A\audio\a0.00_sn1.0.wav,12.256,0.9,0.0,"I don't really care what you call me. I've been a silent spectator, watching species evolve, empires rise and fall.",0.8925,0.7706,726.47
noise_inject,0.0,-0.9,a0.00_sn0.9,C:\Users\User\Documents\MSc\Studies\SigProcForSpeech\project\results\noise_inject\method_A\audio\a0.00_sn0.9.wav,12.256,0.9,0.0,"I don't really care what you call me. I've been a silent spectator, watching species evolve, empires rise and fall.",0.8917,0.7702,722.11
noise_inject,0.0,-0.8,a0.00_sn0.8,C:\Users\User\Documents\MSc\Studies\SigProcForSpeech\project\results\noise_inject\method_A\audio\a0.00_sn0.8.wav,12.256,0.9,0.0,"I don't really care what you call me. I've been a silent spectator, watching species evolve, empires rise and fall.",0.8898,0.7669,719.09
noise_inject,0.0,-0.7,a0.00_sn0.7,C:\Users\User\Documents\MSc\Studies\SigProcForSpeech\project\results\noise_inject\method_A\audio\a0.00_sn0.7.wav,12.256,0.9,0.0,"I don't really care what you call me. I've been a silent spectator, watching species evolve, empires rise and fall.",0.8907,0.7666,714.74
noise_inject,0.0,-0.6,a0.00_sn0.6,C:\Users\User\Documents\MSc\Studies\SigProcForSpeech\project\results\noise_inject\method_A\audio\a0.00_sn0.6.wav,12.256,0.9,0.0,"I don't really care what you call me. I've been a silent spectator, watching species evolve, empires rise and fall.",0.8872,0.7718,711.83
noise_inject,0.0,-0.5,a0.00_sn0.5,C:\Users\User\Documents\MSc\Studies\SigProcForSpeech\project\results\noise_inject\method_A\audio\a0.00_sn0.5.wav,12.256,0.9,0.0,"I don't really care what you call me. I've been a silent spectator, watching species evolve, empires rise and fall.",0.8955,0.7749,705.6
noise_inject,0.0,-0.4,a0.00_sn0.4,C:\Users\User\Documents\MSc\Studies\SigProcForSpeech\project\results\noise_inject\method_A\audio\a0.00_sn0.4.wav,12.256,0.9,0.0,"I don't really care what you call me. I've been a silent spectator, watching species evolve, empires rise and fall.",0.8843,0.7672,702.16
noise_inject,0.0,-0.3,a0.00_sn0.3,C:\Users\User\Documents\MSc\Studies\SigProcForSpeech\project\results\noise_inject\method_A\audio\a0.00_sn0.3.wav,12.256,0.9,0.0,"I don't really care what you call me. I've been a silent spectator, watching species evolve, empires rise and fall.",0.8582,0.7275,699.68
noise_inject,0.0,-0.2,a0.00_sn0.2,C:\Users\User\Documents\MSc\Studies\SigProcForSpeech\project\results\noise_inject\method_A\audio\a0.00_sn0.2.wav,12.256,0.9,0.0,"I don't really care what you call me. I've been a silent spectator, watching species evolve, empires rise and fall.",0.8367,0.7193,717.21
noise_inject,0.0,-0.1,a0.00_sn0.1,C:\Users\User\Documents\MSc\Studies\SigProcForSpeech\project\results\noise_inject\method_A\audio\a0.00_sn0.1.wav,12.256,0.9,0.0,"I don't really care what you call me. I've been a silent spectator, watching species evolve, empires rise and fall.",0.8296,0.722,739.02
noise_inject,0.0,-0.0,a0.00_sn0.0,C:\Users\User\Documents\MSc\Studies\SigProcForSpeech\project\results\noise_inject\method_A\audio\a0.00_sn0.0.wav,12.256,0.9,0.0,"I don't really care what you call me. I've been a silent spectator, watching species evolve. Empires rise and fall.",0.8057,0.7347,742.13
noise_inject,0.0,0.1,a0.00_sp0.1,C:\Users\User\Documents\MSc\Studies\SigProcForSpeech\project\results\noise_inject\method_A\audio\a0.00_sp0.1.wav,12.256,0.9,30.0,I don't really care what cold. I've been sad. Watching species evolve. Empires rise and fall.,0.7483,0.7221,743.26
noise_inject,0.0,0.2,a0.00_sp0.2,C:\Users\User\Documents\MSc\Studies\SigProcForSpeech\project\results\noise_inject\method_A\audio\a0.00_sp0.2.wav,12.256,0.9,15.0,I don't really hear what you call me. I've been a self-dispectator. Watching species evolve. Empires rise and fall.,0.7019,0.6896,762.38
noise_inject,0.0,0.3,a0.00_sp0.3,C:\Users\User\Documents\MSc\Studies\SigProcForSpeech\project\results\noise_inject\method_A\audio\a0.00_sp0.3.wav,12.256,0.9,35.0,I don't know what you call them. I've been the Sanctuary Spectator. Watch your species evolve. Empires rise and fall.,0.6803,0.6771,763.06
noise_inject,0.0,0.4,a0.00_sp0.4,C:\Users\User\Documents\MSc\Studies\SigProcForSpeech\project\results\noise_inject\method_A\audio\a0.00_sp0.4.wav,12.256,0.9,55.0,What do you call it? I'm a spectator. What's your species evolve? Empires rise and fall.,0.671,0.662,766.27
noise_inject,0.0,0.5,a0.00_sp0.5,C:\Users\User\Documents\MSc\Studies\SigProcForSpeech\project\results\noise_inject\method_A\audio\a0.00_sp0.5.wav,12.256,0.9,75.0,Species evolve. Butters rise and fall.,0.6474,0.6377,765.71
noise_inject,0.0,0.6,a0.00_sp0.6,C:\Users\User\Documents\MSc\Studies\SigProcForSpeech\project\results\noise_inject\method_A\audio\a0.00_sp0.6.wav,12.256,0.9,100.0,"This is evil, or is my evil.",0.6111,0.6034,770.12
noise_inject,0.0,0.7,a0.00_sp0.7,C:\Users\User\Documents\MSc\Studies\SigProcForSpeech\project\results\noise_inject\method_A\audio\a0.00_sp0.7.wav,12.256,0.9,100.0,This is evil. That is my evil.,0.5816,0.5733,773.46
noise_inject,0.0,0.8,a0.00_sp0.8,C:\Users\User\Documents\MSc\Studies\SigProcForSpeech\project\results\noise_inject\method_A\audio\a0.00_sp0.8.wav,12.256,0.9,100.0,This is evil. Evil.,0.5564,0.555,774.66
noise_inject,0.0,0.9,a0.00_sp0.9,C:\Users\User\Documents\MSc\Studies\SigProcForSpeech\project\results\noise_inject\method_A\audio\a0.00_sp0.9.wav,12.256,0.9,100.0,This is evil. Evil.,0.5445,0.5542,774.31
noise_inject,0.0,1.0,a0.00_sp1.0,C:\Users\User\Documents\MSc\Studies\SigProcForSpeech\project\results\noise_inject\method_A\audio\a0.00_sp1.0.wav,12.256,0.9,90.0,This is a fall. Fall.,0.5326,0.5553,772.68
noise_inject,0.05,-1.0,a0.05_sn1.0,C:\Users\User\Documents\MSc\Studies\SigProcForSpeech\project\results\noise_inject\method_A\audio\a0.05_sn1.0.wav,12.256,0.9,0.0,I don't really care what you call me. I've been a silent spectator. Watching species evolve. Empires rise and fall.,0.8428,0.7109,776.35
noise_inject,0.05,-0.9,a0.05_sn0.9,C:\Users\User\Documents\MSc\Studies\SigProcForSpeech\project\results\noise_inject\method_A\audio\a0.05_sn0.9.wav,12.256,0.9,0.0,"I don't really care what you call me. I've been a silent spectator watching species evolve, empires rise and fall.",0.8736,0.783,721.9
noise_inject,0.05,-0.8,a0.05_sn0.8,C:\Users\User\Documents\MSc\Studies\SigProcForSpeech\project\results\noise_inject\method_A\audio\a0.05_sn0.8.wav,12.256,0.9,0.0,I don't really care what you call me. I've been a silent spectator watching species evolve. Empires rise and fall.,0.7858,0.6887,773.77
noise_inject,0.05,-0.7,a0.05_sn0.7,C:\Users\User\Documents\MSc\Studies\SigProcForSpeech\project\results\noise_inject\method_A\audio\a0.05_sn0.7.wav,12.256,0.9,10.0,Others can't really care what you call me. I've been a silent spectator watching species evolve. Empires rise and fall.,0.7298,0.6657,713.96
noise_inject,0.05,-0.6,a0.05_sn0.6,C:\Users\User\Documents\MSc\Studies\SigProcForSpeech\project\results\noise_inject\method_A\audio\a0.05_sn0.6.wav,12.256,0.9,0.0,I don't really care what you call me. I've been a silent spectator watching species evolve. Empires rise and fall.,0.7664,0.7046,663.34
noise_inject,0.05,-0.5,a0.05_sn0.5,C:\Users\User\Documents\MSc\Studies\SigProcForSpeech\project\results\noise_inject\method_A\audio\a0.05_sn0.5.wav,12.256,0.9,35.0,"Others call me mother, what you care. I've been a silent spectator, watching species evolve. Rise, rise and fall.",0.7686,0.7156,690.79
noise_inject,0.05,-0.4,a0.05_sn0.4,C:\Users\User\Documents\MSc\Studies\SigProcForSpeech\project\results\noise_inject\method_A\audio\a0.05_sn0.4.wav,12.256,0.9,30.0,others call me mother you call me I've been a silent spectator watching species evolve envirors rise and fall,0.72,0.7122,713.55
noise_inject,0.05,-0.3,a0.05_sn0.3,C:\Users\User\Documents\MSc\Studies\SigProcForSpeech\project\results\noise_inject\method_A\audio\a0.05_sn0.3.wav,12.256,0.9,40.0,others call me mother nature don't really care i've been a silent spectator watching species evolve empires rise and fall,0.7409,0.7213,740.17
noise_inject,0.05,-0.2,a0.05_sn0.2,C:\Users\User\Documents\MSc\Studies\SigProcForSpeech\project\results\noise_inject\method_A\audio\a0.05_sn0.2.wav,12.256,0.9,70.0,"Others call me Mother Nature, ultimately cared her. I've been a silent spectator, a silence. Watching Empire's ride finds fall. Rise and fall.",0.7863,0.7676,756.73
noise_inject,0.05,-0.1,a0.05_sn0.1,C:\Users\User\Documents\MSc\Studies\SigProcForSpeech\project\results\noise_inject\method_A\audio\a0.05_sn0.1.wav,12.256,0.9,35.0,others call me mother I've been a silent spectator watching species evolve empires rise and fall,0.679,0.6745,709.35
noise_inject,0.05,-0.0,a0.05_sn0.0,C:\Users\User\Documents\MSc\Studies\SigProcForSpeech\project\results\noise_inject\method_A\audio\a0.05_sn0.0.wav,12.256,0.9,60.0,Others call me mother. I've been a silent spectator watching space easy fall. The virus rise and fall.,0.6679,0.7068,713.23
noise_inject,0.05,0.1,a0.05_sp0.1,C:\Users\User\Documents\MSc\Studies\SigProcForSpeech\project\results\noise_inject\method_A\audio\a0.05_sp0.1.wav,12.256,0.9,85.0,"I've been a silent spectator, me- I try- What a species fall, do you fall? You are, rise and fall.",0.6434,0.6962,706.18
noise_inject,0.05,0.2,a0.05_sp0.2,C:\Users\User\Documents\MSc\Studies\SigProcForSpeech\project\results\noise_inject\method_A\audio\a0.05_sp0.2.wav,12.256,0.9,70.0,"You know, don't whether you call me. I've been a silent spectator, me watching. I rise when I fall. You are as rise and fall.",0.6254,0.6777,701.95
noise_inject,0.05,0.3,a0.05_sp0.3,C:\Users\User\Documents\MSc\Studies\SigProcForSpeech\project\results\noise_inject\method_A\audio\a0.05_sp0.3.wav,12.256,0.9,65.0,"Give me another. Don't you call me. I've been a silent spectator me. I rise, ride, fly, and fall. Rise, rise, and fall.",0.6111,0.6602,695.78
noise_inject,0.05,0.4,a0.05_sp0.4,C:\Users\User\Documents\MSc\Studies\SigProcForSpeech\project\results\noise_inject\method_A\audio\a0.05_sp0.4.wav,12.256,0.9,80.0,"Give me another. Don't let you call me. Have they been a silent spectator me? Fire's right, fly's fault. Fire's right, fly's fault.",0.5939,0.6488,691.49
noise_inject,0.05,0.5,a0.05_sp0.5,C:\Users\User\Documents\MSc\Studies\SigProcForSpeech\project\results\noise_inject\method_A\audio\a0.05_sp0.5.wav,12.256,0.9,75.0,"Don't let you call me. I've been a spell inspecting army. Empire's right, fire's fault. Fire's right, fire's right.",0.5791,0.6475,689.65
noise_inject,0.05,0.6,a0.05_sp0.6,C:\Users\User\Documents\MSc\Studies\SigProcForSpeech\project\results\noise_inject\method_A\audio\a0.05_sp0.6.wav,12.256,0.9,65.0,Don't let you call me. I've been a spell-in-spec-teat army. Pyre's ride-fly is fobbed. It's ride-sobbed.,0.5735,0.6437,688.6
noise_inject,0.05,0.7,a0.05_sp0.7,C:\Users\User\Documents\MSc\Studies\SigProcForSpeech\project\results\noise_inject\method_A\audio\a0.05_sp0.7.wav,12.256,0.9,80.0,"Don't let you call me. That big ass. Silence, but they tell me. Empire's ride finds fog. Rise and fog.",0.5547,0.6243,683.64
noise_inject,0.05,0.8,a0.05_sp0.8,C:\Users\User\Documents\MSc\Studies\SigProcForSpeech\project\results\noise_inject\method_A\audio\a0.05_sp0.8.wav,12.256,0.9,100.0,"Yes, you know. Don't let you call me. That big, uh, silence, but they tell me. Empire's right, flying's fault. Right, if you want.",0.5536,0.6192,679.36
noise_inject,0.05,0.9,a0.05_sp0.9,C:\Users\User\Documents\MSc\Studies\SigProcForSpeech\project\results\noise_inject\method_A\audio\a0.05_sp0.9.wav,12.256,0.9,1650.0,"You know, don't you call me? That big, uh, silence, but they tell me, I try to, I try to, I try to, I try to, I try to, I try to, I try to, I try to, I try to, I try to, I try to, I try to, I try to, I try to, I try to, I try to, I try to, I try to, I try to, I try to, I try to, I try to, I try to, I try to, I try to, I try to, I try to, I try to, I try to, I try to, I try to, I try to, I try to, I try to, I try to, I try to, I try to, I try to, I try to, I try to, I try to, I try to, I try to, I try to, I try to, I try to, I try to, I try to, I try to, I try to, I try to, I try to, I try to, I try to, I try to, I try to, I try to, I try to, I try to, I try to, I try to, I try to, I try to, I try to, I try to, I try to, I try to, I try to, I try to, I try to, I try to, I try to, I try to, I try to, I try to, I try to, I try to, I try to, I try to, I try to, I try to, I try to, I try to, I try to, I try to, I try to, I try to, I try to, I try to, I try to, I try to, I try to, I try to, I try to, I try to, I try to, I try to, I try to, I try to, I try to, I try to, I try to, I try to, I try to, I try to, I try to",0.5467,0.6181,676.64
noise_inject,0.05,1.0,a0.05_sp1.0,C:\Users\User\Documents\MSc\Studies\SigProcForSpeech\project\results\noise_inject\method_A\audio\a0.05_sp1.0.wav,12.256,0.9,100.0,"Yeah, you know, don't you call me? That big silence, man, Tommy. Pirate's ride finds fun. We're all here. We're all here.",0.5265,0.6043,674.02
noise_inject,0.1,-1.0,a0.10_sn1.0,C:\Users\User\Documents\MSc\Studies\SigProcForSpeech\project\results\noise_inject\method_A\audio\a0.10_sn1.0.wav,12.256,0.9,60.0,I don't really call me mother nature. I pother nature. I don't really care. We've been a silent spectator watching species evolve. Empires rise and fall.,0.8314,0.7655,755.47
noise_inject,0.1,-0.9,a0.10_sn0.9,C:\Users\User\Documents\MSc\Studies\SigProcForSpeech\project\results\noise_inject\method_A\audio\a0.10_sn0.9.wav,12.256,0.9,50.0,"I, I just call me mother nature. I don't really care. I've been a silent spectator watching species evolve. Empires rise and fall.",0.7474,0.6572,740.37
noise_inject,0.1,-0.8,a0.10_sn0.8,C:\Users\User\Documents\MSc\Studies\SigProcForSpeech\project\results\noise_inject\method_A\audio\a0.10_sn0.8.wav,12.256,0.9,75.0,"I... Others call me Mother Nature. I don't really care. I've been a silent spectator, watching species. If... If pyres rise, fries, fall. Rise and fall.",0.7594,0.7028,774.09
noise_inject,0.1,-0.7,a0.10_sn0.7,C:\Users\User\Documents\MSc\Studies\SigProcForSpeech\project\results\noise_inject\method_A\audio\a0.10_sn0.7.wav,12.256,0.9,40.0,"See it. Others call me Mother Nature. I don't really care what you call me. I've been a silent spectator watching species. Evolve. Empires rise, find, fall.",0.7678,0.7303,785.73
noise_inject,0.1,-0.6,a0.10_sn0.6,C:\Users\User\Documents\MSc\Studies\SigProcForSpeech\project\results\noise_inject\method_A\audio\a0.10_sn0.6.wav,12.256,0.9,25.0,others call me mother nature don't really care what you call me i've been a silent spectator watching species evolve empires rise and fall,0.7542,0.7234,764.57
noise_inject,0.1,-0.5,a0.10_sn0.5,C:\Users\User\Documents\MSc\Studies\SigProcForSpeech\project\results\noise_inject\method_A\audio\a0.10_sn0.5.wav,12.256,0.9,40.0,others call me mother nature i've been a silent spectator watching species evolve empires rise and fall,0.6973,0.6939,737.0
noise_inject,0.1,-0.4,a0.10_sn0.4,C:\Users\User\Documents\MSc\Studies\SigProcForSpeech\project\results\noise_inject\method_A\audio\a0.10_sn0.4.wav,12.256,0.9,55.0,"Senye. Others call me mother. I've been a silent spectator, watching a species evolve forward. You horrors rise and fall.",0.6535,0.6701,732.86
noise_inject,0.1,-0.3,a0.10_sn0.3,C:\Users\User\Documents\MSc\Studies\SigProcForSpeech\project\results\noise_inject\method_A\audio\a0.10_sn0.3.wav,12.256,0.9,75.0,"Sen yinay. Others call me money. I've been a silent spittator. Watch, uh, spaces evolve, but... You are as rise and fall.",0.6351,0.6649,728.08
noise_inject,0.1,-0.2,a0.10_sn0.2,C:\Users\User\Documents\MSc\Studies\SigProcForSpeech\project\results\noise_inject\method_A\audio\a0.10_sn0.2.wav,12.256,0.9,90.0,"Sen yin ne. Tell your call. What? There have been a silence, potato. Mitra, eyes is a fun, fun. You rise and fall.",0.592,0.6361,715.04
noise_inject,0.1,-0.1,a0.10_sn0.1,C:\Users\User\Documents\MSc\Studies\SigProcForSpeech\project\results\noise_inject\method_A\audio\a0.10_sn0.1.wav,12.256,0.9,100.0,"I don't know. Tell what you call... That big man are silent, Spetita. Right you're not a fries and you'll find a farm. It's raw, isn't it?",0.5755,0.6296,706.88
noise_inject,0.1,-0.0,a0.10_sn0.0,C:\Users\User\Documents\MSc\Studies\SigProcForSpeech\project\results\noise_inject\method_A\audio\a0.10_sn0.0.wav,12.256,0.9,90.0,"Yeah, you know. Tell what you call me. Deep in a silent spirit. Right, uh, if I ever find fun. Right, if you want.",0.5366,0.6059,704.09
noise_inject,0.1,0.1,a0.10_sp0.1,C:\Users\User\Documents\MSc\Studies\SigProcForSpeech\project\results\noise_inject\method_A\audio\a0.10_sp0.1.wav,12.256,0.9,90.0,"Is that what you call me? I think they're not silent, man. I, uh, I find my father. Right here, man.",0.5143,0.5852,697.6
noise_inject,0.1,0.2,a0.10_sp0.2,C:\Users\User\Documents\MSc\Studies\SigProcForSpeech\project\results\noise_inject\method_A\audio\a0.10_sp0.2.wav,12.256,0.9,105.0,"Yeah, you know. Is that what you call? They're gonna spell it dead. They're gonna have a thousand to find fun. Right here, Mark.",0.4892,0.5701,692.01
noise_inject,0.1,0.3,a0.10_sp0.3,C:\Users\User\Documents\MSc\Studies\SigProcForSpeech\project\results\noise_inject\method_A\audio\a0.10_sp0.3.wav,12.256,0.9,105.0,"Yeah, you know. They're what you call. They're gonna spell it dead. They're gonna have a thousand to find fun. No, I am not.",0.4657,0.5514,686.45
noise_inject,0.1,0.4,a0.10_sp0.4,C:\Users\User\Documents\MSc\Studies\SigProcForSpeech\project\results\noise_inject\method_A\audio\a0.10_sp0.4.wav,12.256,0.9,115.0,"I can't mean that. Is that what you call? I'm going to spell it. I don't know. Why isn't you fighting for it? No, I hate you.",0.4318,0.5141,680.95
noise_inject,0.1,0.5,a0.10_sp0.5,C:\Users\User\Documents\MSc\Studies\SigProcForSpeech\project\results\noise_inject\method_A\audio\a0.10_sp0.5.wav,12.256,0.9,85.0,"You can go. Do what you call. This guy dead. Hasn't been fighting for him. No, I did not.",0.383,0.4774,674.8
noise_inject,0.1,0.6,a0.10_sp0.6,C:\Users\User\Documents\MSc\Studies\SigProcForSpeech\project\results\noise_inject\method_A\audio\a0.10_sp0.6.wav,12.256,0.9,120.0,You can't do anything. Tell what you're called. Because I can't. I can't. I can't. I can't. I can't. I can't. I can't. I can't.,0.3497,0.4457,667.44
noise_inject,0.1,0.7,a0.10_sp0.7,C:\Users\User\Documents\MSc\Studies\SigProcForSpeech\project\results\noise_inject\method_A\audio\a0.10_sp0.7.wav,12.256,0.9,140.0,"You can't really, hey, don't. I can't. I can't. I can't. I can't. I can't. I can't. I can't. I can't. I can't. I can't. I can't. I can't.",0.3052,0.4061,658.35
noise_inject,0.1,0.8,a0.10_sp0.8,C:\Users\User\Documents\MSc\Studies\SigProcForSpeech\project\results\noise_inject\method_A\audio\a0.10_sp0.8.wav,12.256,0.9,1115.0,You can't do anything. Hey. Hey. Hey. Hey. Hey. Hey. Hey. Hey. Hey. Hey. Hey. Hey. Hey. Hey. Hey. Hey. Hey. Hey. Hey. Hey. Hey. Hey. Hey. Hey. Hey. Hey. Hey. Hey. Hey. Hey. Hey. Hey. Hey. Hey. Hey. Hey. Hey. Hey. Hey. Hey. Hey. Hey. Hey. Hey. Hey. Hey. Hey. Hey. Hey. Hey. Hey. Hey. Hey. Hey. Hey. Hey. Hey. Hey. Hey. Hey. Hey. Hey. Hey. Hey. Hey. Hey. Hey. Hey. Hey. Hey. Hey. Hey. Hey. Hey. Hey. Hey. Hey. Hey. Hey. Hey. Hey. Hey. Hey. Hey. Hey. Hey. Hey. Hey. Hey. Hey. Hey. Hey. Hey. Hey. Hey. Hey. Hey. Hey. Hey. Hey. Hey. Hey. Hey. Hey. Hey. Hey. Hey. Hey. Hey. Hey. Hey. Hey. Hey. Hey. Hey. Hey. Hey. Hey. Hey. Hey. Hey. Hey. Hey. Hey. Hey. Hey. Hey. Hey. Hey. Hey. Hey. Hey. Hey. Hey. Hey. Hey. Hey. Hey. Hey. Hey. Hey. Hey. Hey. Hey. Hey. Hey. Hey. Hey. Hey. Hey. Hey. Hey. Hey. Hey. Hey. Hey. Hey. Hey. Hey. Hey. Hey. Hey. Hey. Hey. Hey. Hey. Hey. Hey. Hey. Hey. Hey. Hey. Hey. Hey. Hey. Hey. Hey. Hey. Hey. Hey. Hey. Hey. Hey. Hey. Hey. Hey. Hey. Hey. Hey. Hey. Hey. Hey. Hey. Hey. Hey. Hey. Hey. Hey. Hey. Hey. Hey. Hey. Hey. Hey. Hey. Hey. Hey. Hey. Hey. Hey. Hey. Hey. Hey. Hey. Hey. Hey. Hey. Hey. Hey.,0.2803,0.3894,653.08
noise_inject,0.1,0.9,a0.10_sp0.9,C:\Users\User\Documents\MSc\Studies\SigProcForSpeech\project\results\noise_inject\method_A\audio\a0.10_sp0.9.wav,12.256,0.9,95.0,You can't do anything.,0.2643,0.3863,649.21
noise_inject,0.1,1.0,a0.10_sp1.0,C:\Users\User\Documents\MSc\Studies\SigProcForSpeech\project\results\noise_inject\method_A\audio\a0.10_sp1.0.wav,12.256,0.9,95.0,You can't feel anything.,0.2556,0.3808,646.08
noise_inject,0.15,-1.0,a0.15_sn1.0,C:\Users\User\Documents\MSc\Studies\SigProcForSpeech\project\results\noise_inject\method_A\audio\a0.15_sn1.0.wav,12.256,0.9,55.0,"I just call me Mother Nature. On the stairs. I don't ribbon a silent spectator, watching species evolve, empires rise and fall.",0.6958,0.6325,738.28
noise_inject,0.15,-0.9,a0.15_sn0.9,C:\Users\User\Documents\MSc\Studies\SigProcForSpeech\project\results\noise_inject\method_A\audio\a0.15_sn0.9.wav,12.256,0.9,45.0,Others call me Mother Nature. I don't really care. I've been a silent spectator watching species evolve. Empires rise and fall.,0.7411,0.6635,770.07
noise_inject,0.15,-0.8,a0.15_sn0.8,C:\Users\User\Documents\MSc\Studies\SigProcForSpeech\project\results\noise_inject\method_A\audio\a0.15_sn0.8.wav,12.256,0.9,55.0,See it. Others call me Mother Nature. I don't really care. I've been a silent spectator watching species evolve. Empires rise and fall.,0.7193,0.6587,765.78
noise_inject,0.15,-0.7,a0.15_sn0.7,C:\Users\User\Documents\MSc\Studies\SigProcForSpeech\project\results\noise_inject\method_A\audio\a0.15_sn0.7.wav,12.256,0.9,35.0,others call me mother i've been a silent spectator watching species evolve empires rise and fall,0.6306,0.6025,735.35
noise_inject,0.15,-0.6,a0.15_sn0.6,C:\Users\User\Documents\MSc\Studies\SigProcForSpeech\project\results\noise_inject\method_A\audio\a0.15_sn0.6.wav,12.256,0.9,65.0,"Cindy. Others call me my mother. I've been a silent spectator. I've, uh, species evolved. You must rise and fall.",0.6106,0.6106,737.79
noise_inject,0.15,-0.5,a0.15_sn0.5,C:\Users\User\Documents\MSc\Studies\SigProcForSpeech\project\results\noise_inject\method_A\audio\a0.15_sn0.5.wav,12.256,0.9,85.0,"Siné? What you called? I've been a silent spectator. I've, uh, space is a fault, but... as Rai isn't far.",0.5611,0.5786,725.12
noise_inject,0.15,-0.4,a0.15_sn0.4,C:\Users\User\Documents\MSc\Studies\SigProcForSpeech\project\results\noise_inject\method_A\audio\a0.15_sn0.4.wav,12.256,0.9,100.0,S-N-N-E!,0.5141,0.5392,716.04
noise_inject,0.15,-0.3,a0.15_sn0.3,C:\Users\User\Documents\MSc\Studies\SigProcForSpeech\project\results\noise_inject\method_A\audio\a0.15_sn0.3.wav,12.256,0.9,100.0,"Cindy! I think they're not spelled, it's it. Hey, uh, why isn't there fires you find? You're right here, boy.",0.4879,0.5176,710.67
noise_inject,0.15,-0.2,a0.15_sn0.2,C:\Users\User\Documents\MSc\Studies\SigProcForSpeech\project\results\noise_inject\method_A\audio\a0.15_sn0.2.wav,12.256,0.9,100.0,"C'est n'y, n'y.",0.4635,0.503,704.57
noise_inject,0.15,-0.1,a0.15_sn0.1,C:\Users\User\Documents\MSc\Studies\SigProcForSpeech\project\results\noise_inject\method_A\audio\a0.15_sn0.1.wav,12.256,0.9,100.0,C'est n'y n'y.,0.4279,0.4679,697.68
noise_inject,0.15,-0.0,a0.15_sn0.0,C:\Users\User\Documents\MSc\Studies\SigProcForSpeech\project\results\noise_inject\method_A\audio\a0.15_sn0.0.wav,12.256,0.9,95.0,It's a new name.,0.3564,0.4038,691.39
noise_inject,0.15,0.1,a0.15_sp0.1,C:\Users\User\Documents\MSc\Studies\SigProcForSpeech\project\results\noise_inject\method_A\audio\a0.15_sp0.1.wav,12.256,0.9,95.0,It's a ningo!,0.2991,0.359,685.41
noise_inject,0.15,0.2,a0.15_sp0.2,C:\Users\User\Documents\MSc\Studies\SigProcForSpeech\project\results\noise_inject\method_A\audio\a0.15_sp0.2.wav,12.256,0.9,95.0,It's a n-goo!,0.2635,0.3315,679.58
noise_inject,0.15,0.3,a0.15_sp0.3,C:\Users\User\Documents\MSc\Studies\SigProcForSpeech\project\results\noise_inject\method_A\audio\a0.15_sp0.3.wav,12.256,0.9,100.0,It's in there!,0.2373,0.3184,673.7
noise_inject,0.15,0.4,a0.15_sp0.4,C:\Users\User\Documents\MSc\Studies\SigProcForSpeech\project\results\noise_inject\method_A\audio\a0.15_sp0.4.wav,12.256,0.9,100.0,It's in there!,0.2251,0.3087,667.17
noise_inject,0.15,0.5,a0.15_sp0.5,C:\Users\User\Documents\MSc\Studies\SigProcForSpeech\project\results\noise_inject\method_A\audio\a0.15_sp0.5.wav,12.256,0.9,95.0,You said anything?,0.2135,0.304,660.59
noise_inject,0.15,0.6,a0.15_sp0.6,C:\Users\User\Documents\MSc\Studies\SigProcForSpeech\project\results\noise_inject\method_A\audio\a0.15_sp0.6.wav,12.256,0.9,100.0,It's so nice though.,0.2004,0.2967,654.5
noise_inject,0.15,0.7,a0.15_sp0.7,C:\Users\User\Documents\MSc\Studies\SigProcForSpeech\project\results\noise_inject\method_A\audio\a0.15_sp0.7.wav,12.256,0.9,100.0,It's so nice though.,0.1995,0.3052,650.28
noise_inject,0.15,0.8,a0.15_sp0.8,C:\Users\User\Documents\MSc\Studies\SigProcForSpeech\project\results\noise_inject\method_A\audio\a0.15_sp0.8.wav,12.256,0.9,100.0,"It's so nice, though.",0.198,0.3123,647.03
noise_inject,0.15,0.9,a0.15_sp0.9,C:\Users\User\Documents\MSc\Studies\SigProcForSpeech\project\results\noise_inject\method_A\audio\a0.15_sp0.9.wav,12.256,0.9,100.0,"It's so nice, though.",0.1964,0.3239,645.09
noise_inject,0.15,1.0,a0.15_sp1.0,C:\Users\User\Documents\MSc\Studies\SigProcForSpeech\project\results\noise_inject\method_A\audio\a0.15_sp1.0.wav,12.256,0.9,100.0,"It's so funny, though.",0.1938,0.3393,644.96
noise_inject,0.2,-1.0,a0.20_sn1.0,C:\Users\User\Documents\MSc\Studies\SigProcForSpeech\project\results\noise_inject\method_A\audio\a0.20_sn1.0.wav,12.256,0.9,40.0,None of these call me mother nature. I've been a silent spectator watching species evolve. Empires rise and fall.,0.684,0.5961,754.97
noise_inject,0.2,-0.9,a0.20_sn0.9,C:\Users\User\Documents\MSc\Studies\SigProcForSpeech\project\results\noise_inject\method_A\audio\a0.20_sn0.9.wav,12.256,0.9,45.0,"See it. Now they call me Mother Itcher. I've been a silent spectator, watching species evolve. Rumors rise and fall.",0.624,0.5677,739.64
noise_inject,0.2,-0.8,a0.20_sn0.8,C:\Users\User\Documents\MSc\Studies\SigProcForSpeech\project\results\noise_inject\method_A\audio\a0.20_sn0.8.wav,12.256,0.9,100.0,Zynden.,0.5987,0.5569,736.75
noise_inject,0.2,-0.7,a0.20_sn0.7,C:\Users\User\Documents\MSc\Studies\SigProcForSpeech\project\results\noise_inject\method_A\audio\a0.20_sn0.7.wav,12.256,0.9,95.0,"Cindy! There's been our silence waiting. I'd, uh, twice as he fought before. You rise far.",0.5278,0.5253,720.06
noise_inject,0.2,-0.6,a0.20_sn0.6,C:\Users\User\Documents\MSc\Studies\SigProcForSpeech\project\results\noise_inject\method_A\audio\a0.20_sn0.6.wav,12.256,0.9,765.0,See you next time. See you next time. See you next time. See you next time. Bye. Bye. Bye. Bye. Bye. Bye. Bye. Bye. Bye. Bye. Bye. Bye. Bye. Bye. Bye. Bye. Bye. Bye. Bye. Bye. Bye. Bye. Bye. Bye. Bye. Bye. Bye. Bye. Bye. Bye. Bye. Bye. Bye. Bye. Bye. Bye. Bye. Bye. Bye. Bye. Bye. Bye. Bye. Bye. Bye. Bye. Bye. Bye. Bye. Bye. Bye. Bye. Bye. Bye. Bye. Bye. Bye. Bye. Bye. Bye. Bye. Bye. Bye. Bye. Bye. Bye. Bye. Bye. Bye. Bye. Bye. Bye. Bye. Bye. Bye. Bye. Bye. Bye. Bye. Bye. Bye. Bye. Bye. Bye. Bye. Bye. Bye. Bye. Bye. Bye. Bye. Bye. Bye. Bye. Bye. Bye. Bye. Bye. Bye. Bye. Bye. Bye. Bye. Bye. Bye. Bye. Bye. Bye. Bye. Bye. Bye. Bye. Bye. Bye. Bye. Bye. Bye. Bye. Bye. Bye. Bye. Bye. Bye. Bye. Bye. Bye. Bye. Bye. Bye. Bye. Bye. Bye. Bye. Bye. Bye. Bye. Bye. Bye.,0.5124,0.5276,719.71
noise_inject,0.2,-0.5,a0.20_sn0.5,C:\Users\User\Documents\MSc\Studies\SigProcForSpeech\project\results\noise_inject\method_A\audio\a0.20_sn0.5.wav,12.256,0.9,100.0,"See you next time. I'll spell it again. Hey, why isn't your fight here bothering me? Why am I?",0.4664,0.4866,715.21
noise_inject,0.2,-0.4,a0.20_sn0.4,C:\Users\User\Documents\MSc\Studies\SigProcForSpeech\project\results\noise_inject\method_A\audio\a0.20_sn0.4.wav,12.256,0.9,95.0,See you next time.,0.3755,0.3827,709.58
noise_inject,0.2,-0.3,a0.20_sn0.3,C:\Users\User\Documents\MSc\Studies\SigProcForSpeech\project\results\noise_inject\method_A\audio\a0.20_sn0.3.wav,12.256,0.9,95.0,It's a night.,0.3129,0.3345,704.45
noise_inject,0.2,-0.2,a0.20_sn0.2,C:\Users\User\Documents\MSc\Studies\SigProcForSpeech\project\results\noise_inject\method_A\audio\a0.20_sn0.2.wav,12.256,0.9,95.0,It's a no.,0.2878,0.3175,699.07
noise_inject,0.2,-0.1,a0.20_sn0.1,C:\Users\User\Documents\MSc\Studies\SigProcForSpeech\project\results\noise_inject\method_A\audio\a0.20_sn0.1.wav,12.256,0.9,95.0,What's a n-n-n-n-l?,0.2652,0.3044,693.85
noise_inject,0.2,-0.0,a0.20_sn0.0,C:\Users\User\Documents\MSc\Studies\SigProcForSpeech\project\results\noise_inject\method_A\audio\a0.20_sn0.0.wav,12.256,0.9,95.0,What's a new name?,0.2478,0.2958,687.98
noise_inject,0.2,0.1,a0.20_sp0.1,C:\Users\User\Documents\MSc\Studies\SigProcForSpeech\project\results\noise_inject\method_A\audio\a0.20_sp0.1.wav,12.256,0.9,95.0,It's a new guy.,0.2384,0.2942,682.59
noise_inject,0.2,0.2,a0.20_sp0.2,C:\Users\User\Documents\MSc\Studies\SigProcForSpeech\project\results\noise_inject\method_A\audio\a0.20_sp0.2.wav,12.256,0.9,100.0,くっつーにんかいぜ?,0.2193,0.2841,677.06
noise_inject,0.2,0.3,a0.20_sp0.3,C:\Users\User\Documents\MSc\Studies\SigProcForSpeech\project\results\noise_inject\method_A\audio\a0.20_sp0.3.wav,12.256,0.9,95.0,It's a new guy.,0.1999,0.2747,671.82
noise_inject,0.2,0.4,a0.20_sp0.4,C:\Users\User\Documents\MSc\Studies\SigProcForSpeech\project\results\noise_inject\method_A\audio\a0.20_sp0.4.wav,12.256,0.9,100.0,それに何かある?,0.1842,0.2696,665.5
noise_inject,0.2,0.5,a0.20_sp0.5,C:\Users\User\Documents\MSc\Studies\SigProcForSpeech\project\results\noise_inject\method_A\audio\a0.20_sp0.5.wav,12.256,0.9,100.0,それ何だよね?,0.1848,0.2747,659.27
noise_inject,0.2,0.6,a0.20_sp0.6,C:\Users\User\Documents\MSc\Studies\SigProcForSpeech\project\results\noise_inject\method_A\audio\a0.20_sp0.6.wav,12.256,0.9,95.0,See you then.,0.1817,0.283,653.9
noise_inject,0.2,0.7,a0.20_sp0.7,C:\Users\User\Documents\MSc\Studies\SigProcForSpeech\project\results\noise_inject\method_A\audio\a0.20_sp0.7.wav,12.256,0.9,2210.0,It's a hell of a hell of a hell of a hell of a hell of a hell of a hell of a hell of a hell of a hell of a hell of a hell of a hell of a hell of a hell of a hell of a hell of a hell of a hell of a hell of a hell of a hell of a hell of a hell of a hell of a hell of a hell of a hell of a hell of a hell of a hell of a hell of a hell of a hell of a hell of a hell of a hell of a hell of a hell of a hell of a hell of a hell of a hell of a hell of a hell of a hell of a hell of a hell of a hell of a hell of a hell of a hell of a hell of a hell of a hell of a hell of a hell of a hell of a hell of a hell of a hell of a hell of a hell of a hell of a hell of a hell of a hell of a hell of a hell of a hell of a hell of a hell of a hell of a hell of a hell of a hell of a hell of a hell of a hell of a hell of a hell of a hell of a hell of a hell of a hell of a hell of a hell of a hell of a hell of a hell of a hell of a hell of a hell of a hell of a hell of a hell of a hell of a hell of a hell of a hell of a hell of a hell of a hell of a hell of a hell of a hell of a hell of a hell of a hell of a hell of a hell of a hell of a hell of a hell of a hell of a hell of a hell of a hell of a hell of a hell of a hell of a hell of a hell of a hell of a hell of a hell of a hell of a hell of a hell of a hell of a hell of a hell of a hell of a hell of a hell of a hell of a hell of a hell of a hell of a hell of a hell of a hell of a hell of a hell of a hell of a hell of a hell of a,0.1711,0.2854,649.95
noise_inject,0.2,0.8,a0.20_sp0.8,C:\Users\User\Documents\MSc\Studies\SigProcForSpeech\project\results\noise_inject\method_A\audio\a0.20_sp0.8.wav,12.256,0.9,95.0,It's a hell of a head.,0.1686,0.2992,647.61
noise_inject,0.2,0.9,a0.20_sp0.9,C:\Users\User\Documents\MSc\Studies\SigProcForSpeech\project\results\noise_inject\method_A\audio\a0.20_sp0.9.wav,12.256,0.9,2190.0,It's a really heavy. It's a really heavy. It's a really heavy heavy heavy heavy heavy heavy heavy heavy heavy heavy heavy heavy heavy heavy heavy heavy heavy heavy heavy heavy heavy heavy heavy heavy heavy heavy heavy heavy heavy heavy heavy heavy heavy heavy heavy heavy heavy heavy heavy heavy heavy heavy heavy heavy heavy heavy heavy heavy heavy heavy heavy heavy heavy heavy heavy heavy heavy heavy heavy heavy heavy heavy heavy heavy heavy heavy heavy heavy heavy heavy heavy heavy heavy heavy heavy heavy heavy heavy heavy heavy heavy heavy heavy heavy heavy heavy heavy heavy heavy heavy heavy heavy heavy heavy heavy heavy heavy heavy heavy heavy heavy heavy heavy heavy heavy heavy heavy heavy heavy heavy heavy heavy heavy heavy heavy heavy heavy heavy heavy heavy heavy heavy heavy heavy heavy heavy heavy heavy heavy heavy heavy heavy heavy heavy heavy heavy heavy heavy heavy heavy heavy heavy heavy heavy heavy heavy heavy heavy heavy heavy heavy heavy heavy heavy heavy heavy heavy heavy heavy heavy heavy heavy heavy heavy heavy heavy heavy heavy heavy heavy heavy heavy heavy heavy heavy heavy heavy heavy heavy heavy heavy heavy heavy heavy heavy heavy heavy heavy heavy heavy heavy heavy heavy heavy heavy heavy heavy heavy heavy heavy heavy heavy heavy heavy heavy heavy heavy heavy heavy heavy heavy heavy heavy heavy heavy heavy heavy heavy heavy heavy heavy heavy heavy heavy heavy heavy heavy heavy heavy heavy heavy heavy heavy heavy heavy heavy heavy heavy heavy heavy heavy heavy heavy heavy heavy heavy heavy heavy heavy heavy heavy heavy heavy heavy heavy heavy heavy heavy heavy heavy heavy heavy heavy heavy heavy heavy heavy heavy heavy heavy heavy heavy heavy heavy heavy heavy heavy heavy heavy heavy heavy heavy heavy heavy heavy heavy heavy heavy heavy heavy heavy heavy heavy heavy heavy heavy heavy heavy heavy heavy heavy heavy heavy heavy heavy heavy heavy heavy heavy heavy heavy heavy heavy heavy heavy heavy heavy heavy heavy heavy heavy heavy heavy heavy heavy heavy heavy heavy heavy heavy heavy heavy heavy heavy heavy heavy heavy heavy heavy heavy heavy heavy heavy heavy heavy heavy heavy heavy heavy heavy heavy heavy heavy heavy heavy heavy heavy heavy heavy heavy heavy heavy heavy heavy heavy heavy heavy heavy heavy heavy heavy heavy heavy heavy heavy heavy heavy heavy heavy heavy heavy heavy heavy heavy heavy heavy heavy heavy heavy heavy heavy heavy heavy heavy heavy heavy heavy heavy heavy heavy heavy heavy heavy heavy heavy heavy heavy heavy heavy heavy heavy heavy heavy heavy heavy heavy heavy heavy heavy heavy heavy heavy heavy heavy heavy heavy heavy heavy,0.1681,0.3123,646.25
noise_inject,0.2,1.0,a0.20_sp1.0,C:\Users\User\Documents\MSc\Studies\SigProcForSpeech\project\results\noise_inject\method_A\audio\a0.20_sp1.0.wav,12.256,0.9,1660.0,See you later. See you later. See you later. See you later. See you later. See you later. See you later. See you later. See you later. See you later. See you later. See you later. See you later. See you later. See you later. See you later. See you later. See you later. See you later. See you later. See you later. See you later. See you later. See you later. See you later. See you later. See you later. See you later. See you later. See you later. See you later. See you later. See you later. See you later. See you later. See you later. See you later. See you later. See you later. See you later. See you later. See you later. See you later. See you later. See you later. See you later. See you later. See you later. See you later. See you later. See you later. See you later. See you later. See you later. See you later. See you later. See you later. See you later. See you later. See you later. See you later. See you later. See you later. See you later. See you later. See you later. See you later. See you later. See you later. See you later. See you later. See you later. See you later. See you later. See you later. See you later. See you later. See you later. See you later. See you later. See you later. See you later. See you later. See you later. See you later. See you later. See you later. See you later. See you later. See you later. See you later. See you later. See you later. See you later. See you later. See you later. See you later. See you later. See you later. See you later. See you later. See you later. See you later. See you later. See you later. See you later. See you later. See you later. See you later. See you later. See you later.,0.1685,0.3228,645.67
noise_inject,0.25,-1.0,a0.25_sn1.0,C:\Users\User\Documents\MSc\Studies\SigProcForSpeech\project\results\noise_inject\method_A\audio\a0.25_sn1.0.wav,12.256,0.9,95.0,Same. I think they're not a silent space. Right there. Space has evolved. It's rising far.,0.5622,0.5218,719.77
noise_inject,0.25,-0.9,a0.25_sn0.9,C:\Users\User\Documents\MSc\Studies\SigProcForSpeech\project\results\noise_inject\method_A\audio\a0.25_sn0.9.wav,12.256,0.9,95.0,See you then.,0.5336,0.4941,720.51
noise_inject,0.25,-0.8,a0.25_sn0.8,C:\Users\User\Documents\MSc\Studies\SigProcForSpeech\project\results\noise_inject\method_A\audio\a0.25_sn0.8.wav,12.256,0.9,100.0,Zinnnnnnnnnnnnnnnnnnnnnnnnnnnnnnnnnnnnnnnnnnnnnnnnnnnnnnnnnnnnnnnnnnnnnnnnnnnnnnnnnnnnnnnnnnnnnnnnnnnnnnnnnnnnnnnnnnnnnnnnnnnnnnnnnnnnnnnnnnnnnnnnnnnnnnnnnnnnnnnnnnnnnnnnnnnnnnnnnnnnnnnnnnnnnnnnnnnnnnnnnnnnnnnnnnnnnnnnnnnnnnnnnnnnnnnnnnnnnnnnnnnnnnnnnnnnnnnnnnnnnnnnnnnnnnnnnnnnnnnnnnnnnnnnnnnnnnnnnnnnnnnnnnnnnnnnnnnnnnnnnnnnnnnnnnnnnnnnnnnnnnnnnnnnnnnnnnnnnnnnnnnnnnnnnnnnnnnnnnnnnnnnnnnnnnnnnnnnnnnnnnnnnnnnnnnnnnnnnnnnnnnnnnnnnnnnnnnnnnnnnnnnnnnnnnnnnnnnnnnnnnnnnnnnnnnnnnnnnnnnnnnnnnnnnnnnnnnnnnnnnnnnnnnnnnnnnnnnnnnnnnnnnnnnnnnnnnnnnnnnnnnnnnnnnnnnnnnnnnnnnnnnnnnnnnnnnnnnnnnnnnnnnnnnnnnnnnnnnnnnnnnnnnnnnnnnnnnnnnnnnnnnnnnnnnnnnnnnnnnnnnnnnnnnnnnnnnnnnnnnnnnnnnnnnnnnnnnnnnnnnnnnnnnnnnnnnnnnnnnnnnnnnnnnnnnnnnnnnnnnnnnnnnnnnnnnnnnnnnnnnnnnnnnnnnnnnnnnnnnnnnnnnnnnnnnnnnnnnnnnnnnnnnnnnnnnnnnnnnnnnnnnnnnnnnnnnnnnnnnnnnnnnnnnnnnnnnnnnnnnnnnnnnnnnnnnnnnnnnnnnnnnnnnnnnnnnnnnnnnnnnnnnn,0.4798,0.4453,719.34
noise_inject,0.25,-0.7,a0.25_sn0.7,C:\Users\User\Documents\MSc\Studies\SigProcForSpeech\project\results\noise_inject\method_A\audio\a0.25_sn0.7.wav,12.256,0.9,100.0,Zinninninninninninninninninninninninninninninninninninninninninninninninninninninninninninninninninninninninninninninninninninninninninninninninninninninninninninninninninninninninninninninninninninninninninninninninninninninninninninninninninninninninninninninninninninninninninninninninninninninninninninninninninninninninninninninninninninninninninninninninninninninninninninninninninninninninninninninninninninninninninninninninninninninninninninninninninninninninninninninninninninninninninninninninninninninninninninninninninninninninninninninninninninninninninninninninninninninninninninninninninninninninninninninninninninninninninninninninninninninninninninninninninninninninninninninninninninninninninninninninninninninninninninninninninninninninninninninninninninninninninninninninninninninninninninninninninninninninninninninninninninninninninninninninninninninninninninninninninninninninninninninninninninninninninninninninninninninninninninninninninninninninninninninninninninninninninninninninninninninninninninninninninninninninninninninninninninninninninninninninninninninninninninninninninninninninninninninninninninninninninninninninninninninninninninninninninninninninninninninninninninninninninninninninninninninninninninninninninninninninninninninninninninninninninninninninninninninninninninninninninninninn,0.3657,0.3124,714.3
noise_inject,0.25,-0.6,a0.25_sn0.6,C:\Users\User\Documents\MSc\Studies\SigProcForSpeech\project\results\noise_inject\method_A\audio\a0.25_sn0.6.wav,12.256,0.9,100.0,真的,0.3298,0.2826,710.07
noise_inject,0.25,-0.5,a0.25_sn0.5,C:\Users\User\Documents\MSc\Studies\SigProcForSpeech\project\results\noise_inject\method_A\audio\a0.25_sn0.5.wav,12.256,0.9,100.0,真的,0.3117,0.2761,705.95
noise_inject,0.25,-0.4,a0.25_sn0.4,C:\Users\User\Documents\MSc\Studies\SigProcForSpeech\project\results\noise_inject\method_A\audio\a0.25_sn0.4.wav,12.256,0.9,100.0,真的,0.2976,0.2736,702.02
noise_inject,0.25,-0.3,a0.25_sn0.3,C:\Users\User\Documents\MSc\Studies\SigProcForSpeech\project\results\noise_inject\method_A\audio\a0.25_sn0.3.wav,12.256,0.9,100.0,Zinnnnnnnnnnnnnnnnnnnnnnnnnnnnnnnnnnnnnnnnnnnnnnnnnnnnnnnnnnnnnnnnnnnnnnnnnnnnnnnnnnnnnnnnnnnnnnnnnnnnnnnnnnnnnnnnnnnnnnnnnnnnnnnnnnnnnnnnnnnnnnnnnnnnnnnnnnnnnnnnnnnnnnnnnnnnnnnnnnnnnnnnnnnnnnnnnnnnnnnnnnnnnnnnnnnnnnnnnnnnnnnnnnnnnnnnnnnnnnnnnnnnnnnnnnnnnnnnnnnnnnnnnnnnnnnnnnnnnnnnnnnnnnnnnnnnnnnnnnnnnnnnnnnnnnnnnnnnnnnnnnnnnnnnnnnnnnnnnnnnnnnnnnnnnnnnnnnnnnnnnnnnnnnnnnnnnnnnnnnnnnnnnnnnnnnnnnnnnnnnnnnnnnnnnnnnnnnnnnnnnnnnnnnnnnnnnnnnnnnnnnnnnnnnnnnnnnnnnnnnnnnnnnnnnnnnnnnnnnnnnnnnnnnnnnnnnnnnnnnnnnnnnnnnnnnnnnnnnnnnnnnnnnnnnnnnnnnnnnnnnnnnnnnnnnnnnnnnnnnnnnnnnnnnnnnnnnnnnnnnnnnnnnnnnnnnnnnnnnnnnnnnnnnnnnnnnnnnnnnnnnnnnnnnnnnnnnnnnnnnnnnnnnnnnnnnnnnnnnnnnnnnnnnnnnnnnnnnnnnnnnnnnnnnnnnnnnnnnnnnnnnnnnnnnnnnnnnnnnnnnnnnnnnnnnnnnnnnnnnnnnnnnnnnnnnnnnnnnnnnnnnnnnnnnnnnnnnnnnnnnnnnnnnnnnnnnnnnnnnnnnnnnnnnnnnnnnnnnnnnnnnnnnnnnnnnnnnnnnnnnnnnnnnnnnnnnnnnnnnnnnnnnnnnnnnnnnnnnnnnnnnnnn,0.2865,0.272,698.82
noise_inject,0.25,-0.2,a0.25_sn0.2,C:\Users\User\Documents\MSc\Studies\SigProcForSpeech\project\results\noise_inject\method_A\audio\a0.25_sn0.2.wav,12.256,0.9,100.0,Çınnel.,0.2677,0.2736,694.6
noise_inject,0.25,-0.1,a0.25_sn0.1,C:\Users\User\Documents\MSc\Studies\SigProcForSpeech\project\results\noise_inject\method_A\audio\a0.25_sn0.1.wav,12.256,0.9,100.0,Zınnen.,0.2514,0.2693,690.64
noise_inject,0.25,-0.0,a0.25_sn0.0,C:\Users\User\Documents\MSc\Studies\SigProcForSpeech\project\results\noise_inject\method_A\audio\a0.25_sn0.0.wav,12.256,0.9,100.0,진간!,0.239,0.271,685.69
noise_inject,0.25,0.1,a0.25_sp0.1,C:\Users\User\Documents\MSc\Studies\SigProcForSpeech\project\results\noise_inject\method_A\audio\a0.25_sp0.1.wav,12.256,0.9,95.0,It's a new gun.,0.223,0.2642,680.09
noise_inject,0.25,0.2,a0.25_sp0.2,C:\Users\User\Documents\MSc\Studies\SigProcForSpeech\project\results\noise_inject\method_A\audio\a0.25_sp0.2.wav,12.256,0.9,95.0,It's a new game.,0.2067,0.2603,674.63
noise_inject,0.25,0.3,a0.25_sp0.3,C:\Users\User\Documents\MSc\Studies\SigProcForSpeech\project\results\noise_inject\method_A\audio\a0.25_sp0.3.wav,12.256,0.9,95.0,It's a new game.,0.1908,0.2564,669.98
noise_inject,0.25,0.4,a0.25_sp0.4,C:\Users\User\Documents\MSc\Studies\SigProcForSpeech\project\results\noise_inject\method_A\audio\a0.25_sp0.4.wav,12.256,0.9,95.0,See you then.,0.172,0.253,664.93
noise_inject,0.25,0.5,a0.25_sp0.5,C:\Users\User\Documents\MSc\Studies\SigProcForSpeech\project\results\noise_inject\method_A\audio\a0.25_sp0.5.wav,12.256,0.9,95.0,See you then!,0.1637,0.2579,659.88
noise_inject,0.25,0.6,a0.25_sp0.6,C:\Users\User\Documents\MSc\Studies\SigProcForSpeech\project\results\noise_inject\method_A\audio\a0.25_sp0.6.wav,12.256,0.9,100.0,It's in them!,0.1619,0.2672,654.59
noise_inject,0.25,0.7,a0.25_sp0.7,C:\Users\User\Documents\MSc\Studies\SigProcForSpeech\project\results\noise_inject\method_A\audio\a0.25_sp0.7.wav,12.256,0.9,100.0,It's in then.,0.1535,0.2708,651.2
noise_inject,0.25,0.8,a0.25_sp0.8,C:\Users\User\Documents\MSc\Studies\SigProcForSpeech\project\results\noise_inject\method_A\audio\a0.25_sp0.8.wav,12.256,0.9,100.0,It's in there.,0.151,0.2818,648.28
noise_inject,0.25,0.9,a0.25_sp0.9,C:\Users\User\Documents\MSc\Studies\SigProcForSpeech\project\results\noise_inject\method_A\audio\a0.25_sp0.9.wav,12.256,0.9,100.0,It's in then.,0.1445,0.2879,645.41
noise_inject,0.25,1.0,a0.25_sp1.0,C:\Users\User\Documents\MSc\Studies\SigProcForSpeech\project\results\noise_inject\method_A\audio\a0.25_sp1.0.wav,12.256,0.9,100.0,It's in there.,0.1471,0.2976,643.23
noise_inject,0.3,-1.0,a0.30_sn1.0,C:\Users\User\Documents\MSc\Studies\SigProcForSpeech\project\results\noise_inject\method_A\audio\a0.30_sn1.0.wav,12.256,0.9,95.0,See you then.,0.3756,0.2927,717.84
noise_inject,0.3,-0.9,a0.30_sn0.9,C:\Users\User\Documents\MSc\Studies\SigProcForSpeech\project\results\noise_inject\method_A\audio\a0.30_sn0.9.wav,12.256,0.9,100.0,真年,0.3469,0.26,714.69
noise_inject,0.3,-0.8,a0.30_sn0.8,C:\Users\User\Documents\MSc\Studies\SigProcForSpeech\project\results\noise_inject\method_A\audio\a0.30_sn0.8.wav,12.256,0.9,100.0,真...年...,0.3369,0.2508,709.82
noise_inject,0.3,-0.7,a0.30_sn0.7,C:\Users\User\Documents\MSc\Studies\SigProcForSpeech\project\results\noise_inject\method_A\audio\a0.30_sn0.7.wav,12.256,0.9,100.0,真年,0.3233,0.2524,708.3
noise_inject,0.3,-0.6,a0.30_sn0.6,C:\Users\User\Documents\MSc\Studies\SigProcForSpeech\project\results\noise_inject\method_A\audio\a0.30_sn0.6.wav,12.256,0.9,100.0,真年,0.3074,0.2445,703.73
noise_inject,0.3,-0.5,a0.30_sn0.5,C:\Users\User\Documents\MSc\Studies\SigProcForSpeech\project\results\noise_inject\method_A\audio\a0.30_sn0.5.wav,12.256,0.9,100.0,真年,0.3027,0.2475,701.42
noise_inject,0.3,-0.4,a0.30_sn0.4,C:\Users\User\Documents\MSc\Studies\SigProcForSpeech\project\results\noise_inject\method_A\audio\a0.30_sn0.4.wav,12.256,0.9,100.0,真的,0.2898,0.2463,698.91
noise_inject,0.3,-0.3,a0.30_sn0.3,C:\Users\User\Documents\MSc\Studies\SigProcForSpeech\project\results\noise_inject\method_A\audio\a0.30_sn0.3.wav,12.256,0.9,100.0,真能,0.2792,0.2485,695.81
noise_inject,0.3,-0.2,a0.30_sn0.2,C:\Users\User\Documents\MSc\Studies\SigProcForSpeech\project\results\noise_inject\method_A\audio\a0.30_sn0.2.wav,12.256,0.9,100.0,真然,0.2653,0.2521,692.15
noise_inject,0.3,-0.1,a0.30_sn0.1,C:\Users\User\Documents\MSc\Studies\SigProcForSpeech\project\results\noise_inject\method_A\audio\a0.30_sn0.1.wav,12.256,0.9,100.0,真然,0.2531,0.256,687.91
noise_inject,0.3,-0.0,a0.30_sn0.0,C:\Users\User\Documents\MSc\Studies\SigProcForSpeech\project\results\noise_inject\method_A\audio\a0.30_sn0.0.wav,12.256,0.9,100.0,真人,0.2402,0.2594,683.76
noise_inject,0.3,0.1,a0.30_sp0.1,C:\Users\User\Documents\MSc\Studies\SigProcForSpeech\project\results\noise_inject\method_A\audio\a0.30_sp0.1.wav,12.256,0.9,100.0,真人,0.2192,0.254,678.95
noise_inject,0.3,0.2,a0.30_sp0.2,C:\Users\User\Documents\MSc\Studies\SigProcForSpeech\project\results\noise_inject\method_A\audio\a0.30_sp0.2.wav,12.256,0.9,100.0,It's in then.,0.198,0.2487,674.34
noise_inject,0.3,0.3,a0.30_sp0.3,C:\Users\User\Documents\MSc\Studies\SigProcForSpeech\project\results\noise_inject\method_A\audio\a0.30_sp0.3.wav,12.256,0.9,100.0,It's in then.,0.1773,0.2455,670.4
noise_inject,0.3,0.4,a0.30_sp0.4,C:\Users\User\Documents\MSc\Studies\SigProcForSpeech\project\results\noise_inject\method_A\audio\a0.30_sp0.4.wav,12.256,0.9,100.0,It's in then.,0.1596,0.2393,665.14
noise_inject,0.3,0.5,a0.30_sp0.5,C:\Users\User\Documents\MSc\Studies\SigProcForSpeech\project\results\noise_inject\method_A\audio\a0.30_sp0.5.wav,12.256,0.9,100.0,It's in then!,0.1594,0.2466,660.53
noise_inject,0.3,0.6,a0.30_sp0.6,C:\Users\User\Documents\MSc\Studies\SigProcForSpeech\project\results\noise_inject\method_A\audio\a0.30_sp0.6.wav,12.256,0.9,100.0,It's in then!,0.1461,0.2464,655.65
noise_inject,0.3,0.7,a0.30_sp0.7,C:\Users\User\Documents\MSc\Studies\SigProcForSpeech\project\results\noise_inject\method_A\audio\a0.30_sp0.7.wav,12.256,0.9,100.0,It's in then!,0.1398,0.2552,651.26
noise_inject,0.3,0.8,a0.30_sp0.8,C:\Users\User\Documents\MSc\Studies\SigProcForSpeech\project\results\noise_inject\method_A\audio\a0.30_sp0.8.wav,12.256,0.9,100.0,What's in them?,0.1359,0.2597,647.42
noise_inject,0.3,0.9,a0.30_sp0.9,C:\Users\User\Documents\MSc\Studies\SigProcForSpeech\project\results\noise_inject\method_A\audio\a0.30_sp0.9.wav,12.256,0.9,100.0,What's in them?,0.1331,0.2654,643.74
noise_inject,0.3,1.0,a0.30_sp1.0,C:\Users\User\Documents\MSc\Studies\SigProcForSpeech\project\results\noise_inject\method_A\audio\a0.30_sp1.0.wav,12.256,0.9,100.0,What's in them?,0.1282,0.269,640.95
noise_inject,0.35,-1.0,a0.35_sn1.0,C:\Users\User\Documents\MSc\Studies\SigProcForSpeech\project\results\noise_inject\method_A\audio\a0.35_sn1.0.wav,12.256,0.9,100.0,真年,0.3407,0.2395,711.16
noise_inject,0.35,-0.9,a0.35_sn0.9,C:\Users\User\Documents\MSc\Studies\SigProcForSpeech\project\results\noise_inject\method_A\audio\a0.35_sn0.9.wav,12.256,0.9,100.0,真年,0.3375,0.2394,708.26
noise_inject,0.35,-0.8,a0.35_sn0.8,C:\Users\User\Documents\MSc\Studies\SigProcForSpeech\project\results\noise_inject\method_A\audio\a0.35_sn0.8.wav,12.256,0.9,100.0,真年,0.3233,0.2341,706.16
noise_inject,0.35,-0.7,a0.35_sn0.7,C:\Users\User\Documents\MSc\Studies\SigProcForSpeech\project\results\noise_inject\method_A\audio\a0.35_sn0.7.wav,12.256,0.9,100.0,真年,0.3152,0.2337,703.85
noise_inject,0.35,-0.6,a0.35_sn0.6,C:\Users\User\Documents\MSc\Studies\SigProcForSpeech\project\results\noise_inject\method_A\audio\a0.35_sn0.6.wav,12.256,0.9,100.0,真年,0.3122,0.241,701.32
noise_inject,0.35,-0.5,a0.35_sn0.5,C:\Users\User\Documents\MSc\Studies\SigProcForSpeech\project\results\noise_inject\method_A\audio\a0.35_sn0.5.wav,12.256,0.9,100.0,真然,0.3043,0.2394,699.02
noise_inject,0.35,-0.4,a0.35_sn0.4,C:\Users\User\Documents\MSc\Studies\SigProcForSpeech\project\results\noise_inject\method_A\audio\a0.35_sn0.4.wav,12.256,0.9,100.0,真然,0.2948,0.2459,695.68
noise_inject,0.35,-0.3,a0.35_sn0.3,C:\Users\User\Documents\MSc\Studies\SigProcForSpeech\project\results\noise_inject\method_A\audio\a0.35_sn0.3.wav,12.256,0.9,100.0,真然,0.2849,0.2485,692.68
noise_inject,0.35,-0.2,a0.35_sn0.2,C:\Users\User\Documents\MSc\Studies\SigProcForSpeech\project\results\noise_inject\method_A\audio\a0.35_sn0.2.wav,12.256,0.9,100.0,真然,0.2638,0.2454,689.7
noise_inject,0.35,-0.1,a0.35_sn0.1,C:\Users\User\Documents\MSc\Studies\SigProcForSpeech\project\results\noise_inject\method_A\audio\a0.35_sn0.1.wav,12.256,0.9,100.0,真然,0.2471,0.247,685.78
noise_inject,0.35,-0.0,a0.35_sn0.0,C:\Users\User\Documents\MSc\Studies\SigProcForSpeech\project\results\noise_inject\method_A\audio\a0.35_sn0.0.wav,12.256,0.9,100.0,真然,0.237,0.252,682.15
noise_inject,0.35,0.1,a0.35_sp0.1,C:\Users\User\Documents\MSc\Studies\SigProcForSpeech\project\results\noise_inject\method_A\audio\a0.35_sp0.1.wav,12.256,0.9,100.0,真然,0.2223,0.2506,677.81
noise_inject,0.35,0.2,a0.35_sp0.2,C:\Users\User\Documents\MSc\Studies\SigProcForSpeech\project\results\noise_inject\method_A\audio\a0.35_sp0.2.wav,12.256,0.9,100.0,真然,0.193,0.2417,673.45
noise_inject,0.35,0.3,a0.35_sp0.3,C:\Users\User\Documents\MSc\Studies\SigProcForSpeech\project\results\noise_inject\method_A\audio\a0.35_sp0.3.wav,12.256,0.9,100.0,真然,0.1825,0.2439,669.31
noise_inject,0.35,0.4,a0.35_sp0.4,C:\Users\User\Documents\MSc\Studies\SigProcForSpeech\project\results\noise_inject\method_A\audio\a0.35_sp0.4.wav,12.256,0.9,100.0,진전!,0.15,0.2302,665.05
noise_inject,0.35,0.5,a0.35_sp0.5,C:\Users\User\Documents\MSc\Studies\SigProcForSpeech\project\results\noise_inject\method_A\audio\a0.35_sp0.5.wav,12.256,0.9,100.0,It's in then.,0.14,0.2309,660.64
noise_inject,0.35,0.6,a0.35_sp0.6,C:\Users\User\Documents\MSc\Studies\SigProcForSpeech\project\results\noise_inject\method_A\audio\a0.35_sp0.6.wav,12.256,0.9,100.0,It's in them.,0.1371,0.2349,656.58
noise_inject,0.35,0.7,a0.35_sp0.7,C:\Users\User\Documents\MSc\Studies\SigProcForSpeech\project\results\noise_inject\method_A\audio\a0.35_sp0.7.wav,12.256,0.9,100.0,It's in then!,0.1341,0.2412,652.33
noise_inject,0.35,0.8,a0.35_sp0.8,C:\Users\User\Documents\MSc\Studies\SigProcForSpeech\project\results\noise_inject\method_A\audio\a0.35_sp0.8.wav,12.256,0.9,100.0,It's in them!,0.1252,0.2451,647.7
noise_inject,0.35,0.9,a0.35_sp0.9,C:\Users\User\Documents\MSc\Studies\SigProcForSpeech\project\results\noise_inject\method_A\audio\a0.35_sp0.9.wav,12.256,0.9,100.0,It's in them!,0.1198,0.2478,643.29
noise_inject,0.35,1.0,a0.35_sp1.0,C:\Users\User\Documents\MSc\Studies\SigProcForSpeech\project\results\noise_inject\method_A\audio\a0.35_sp1.0.wav,12.256,0.9,100.0,It's in them!,0.119,0.2559,639.68
noise_inject,0.4,-1.0,a0.40_sn1.0,C:\Users\User\Documents\MSc\Studies\SigProcForSpeech\project\results\noise_inject\method_A\audio\a0.40_sn1.0.wav,12.256,0.9,100.0,真然,0.3327,0.2298,706.95
noise_inject,0.4,-0.9,a0.40_sn0.9,C:\Users\User\Documents\MSc\Studies\SigProcForSpeech\project\results\noise_inject\method_A\audio\a0.40_sn0.9.wav,12.256,0.9,100.0,真然,0.3286,0.2324,704.6
noise_inject,0.4,-0.8,a0.40_sn0.8,C:\Users\User\Documents\MSc\Studies\SigProcForSpeech\project\results\noise_inject\method_A\audio\a0.40_sn0.8.wav,12.256,0.9,100.0,真人,0.321,0.2326,702.75
noise_inject,0.4,-0.7,a0.40_sn0.7,C:\Users\User\Documents\MSc\Studies\SigProcForSpeech\project\results\noise_inject\method_A\audio\a0.40_sn0.7.wav,12.256,0.9,100.0,真人,0.3167,0.234,700.81
noise_inject,0.4,-0.6,a0.40_sn0.6,C:\Users\User\Documents\MSc\Studies\SigProcForSpeech\project\results\noise_inject\method_A\audio\a0.40_sn0.6.wav,12.256,0.9,100.0,真人,0.3149,0.2374,698.51
noise_inject,0.4,-0.5,a0.40_sn0.5,C:\Users\User\Documents\MSc\Studies\SigProcForSpeech\project\results\noise_inject\method_A\audio\a0.40_sn0.5.wav,12.256,0.9,100.0,真然,0.3035,0.2356,696.25
noise_inject,0.4,-0.4,a0.40_sn0.4,C:\Users\User\Documents\MSc\Studies\SigProcForSpeech\project\results\noise_inject\method_A\audio\a0.40_sn0.4.wav,12.256,0.9,100.0,真人,0.2963,0.2395,693.4
noise_inject,0.4,-0.3,a0.40_sn0.3,C:\Users\User\Documents\MSc\Studies\SigProcForSpeech\project\results\noise_inject\method_A\audio\a0.40_sn0.3.wav,12.256,0.9,100.0,真人,0.2781,0.2377,690.11
noise_inject,0.4,-0.2,a0.40_sn0.2,C:\Users\User\Documents\MSc\Studies\SigProcForSpeech\project\results\noise_inject\method_A\audio\a0.40_sn0.2.wav,12.256,0.9,100.0,真人,0.265,0.2392,687.02
noise_inject,0.4,-0.1,a0.40_sn0.1,C:\Users\User\Documents\MSc\Studies\SigProcForSpeech\project\results\noise_inject\method_A\audio\a0.40_sn0.1.wav,12.256,0.9,100.0,真人,0.2555,0.2463,683.93
noise_inject,0.4,-0.0,a0.40_sn0.0,C:\Users\User\Documents\MSc\Studies\SigProcForSpeech\project\results\noise_inject\method_A\audio\a0.40_sn0.0.wav,12.256,0.9,100.0,真人,0.2376,0.2437,680.55
noise_inject,0.4,0.1,a0.40_sp0.1,C:\Users\User\Documents\MSc\Studies\SigProcForSpeech\project\results\noise_inject\method_A\audio\a0.40_sp0.1.wav,12.256,0.9,100.0,真人,0.2146,0.2392,676.75
noise_inject,0.4,0.2,a0.40_sp0.2,C:\Users\User\Documents\MSc\Studies\SigProcForSpeech\project\results\noise_inject\method_A\audio\a0.40_sp0.2.wav,12.256,0.9,100.0,真人,0.2041,0.2438,672.77
noise_inject,0.4,0.3,a0.40_sp0.3,C:\Users\User\Documents\MSc\Studies\SigProcForSpeech\project\results\noise_inject\method_A\audio\a0.40_sp0.3.wav,12.256,0.9,100.0,真人,0.176,0.2336,668.61
noise_inject,0.4,0.4,a0.40_sp0.4,C:\Users\User\Documents\MSc\Studies\SigProcForSpeech\project\results\noise_inject\method_A\audio\a0.40_sp0.4.wav,12.256,0.9,100.0,真人,0.1624,0.2314,664.68
noise_inject,0.4,0.5,a0.40_sp0.5,C:\Users\User\Documents\MSc\Studies\SigProcForSpeech\project\results\noise_inject\method_A\audio\a0.40_sp0.5.wav,12.256,0.9,100.0,真人,0.146,0.2281,660.96
noise_inject,0.4,0.6,a0.40_sp0.6,C:\Users\User\Documents\MSc\Studies\SigProcForSpeech\project\results\noise_inject\method_A\audio\a0.40_sp0.6.wav,12.256,0.9,100.0,It's in then.,0.1339,0.227,656.59
noise_inject,0.4,0.7,a0.40_sp0.7,C:\Users\User\Documents\MSc\Studies\SigProcForSpeech\project\results\noise_inject\method_A\audio\a0.40_sp0.7.wav,12.256,0.9,100.0,It's in then!,0.1183,0.2243,652.7
noise_inject,0.4,0.8,a0.40_sp0.8,C:\Users\User\Documents\MSc\Studies\SigProcForSpeech\project\results\noise_inject\method_A\audio\a0.40_sp0.8.wav,12.256,0.9,100.0,It's in then!,0.1157,0.2283,648.47
noise_inject,0.4,0.9,a0.40_sp0.9,C:\Users\User\Documents\MSc\Studies\SigProcForSpeech\project\results\noise_inject\method_A\audio\a0.40_sp0.9.wav,12.256,0.9,100.0,It's in them!,0.1121,0.2317,644.3
noise_inject,0.4,1.0,a0.40_sp1.0,C:\Users\User\Documents\MSc\Studies\SigProcForSpeech\project\results\noise_inject\method_A\audio\a0.40_sp1.0.wav,12.256,0.9,100.0,It's in then!,0.1165,0.242,640.24
noise_inject,0.45,-1.0,a0.45_sn1.0,C:\Users\User\Documents\MSc\Studies\SigProcForSpeech\project\results\noise_inject\method_A\audio\a0.45_sn1.0.wav,12.256,0.9,100.0,真人,0.3289,0.2273,704.19
noise_inject,0.45,-0.9,a0.45_sn0.9,C:\Users\User\Documents\MSc\Studies\SigProcForSpeech\project\results\noise_inject\method_A\audio\a0.45_sn0.9.wav,12.256,0.9,100.0,真人,0.3264,0.2296,701.68
noise_inject,0.45,-0.8,a0.45_sn0.8,C:\Users\User\Documents\MSc\Studies\SigProcForSpeech\project\results\noise_inject\method_A\audio\a0.45_sn0.8.wav,12.256,0.9,100.0,真人,0.3284,0.2338,699.97
noise_inject,0.45,-0.7,a0.45_sn0.7,C:\Users\User\Documents\MSc\Studies\SigProcForSpeech\project\results\noise_inject\method_A\audio\a0.45_sn0.7.wav,12.256,0.9,100.0,真人,0.3156,0.2301,697.75
noise_inject,0.45,-0.6,a0.45_sn0.6,C:\Users\User\Documents\MSc\Studies\SigProcForSpeech\project\results\noise_inject\method_A\audio\a0.45_sn0.6.wav,12.256,0.9,100.0,真人,0.3116,0.2342,696.04
noise_inject,0.45,-0.5,a0.45_sn0.5,C:\Users\User\Documents\MSc\Studies\SigProcForSpeech\project\results\noise_inject\method_A\audio\a0.45_sn0.5.wav,12.256,0.9,100.0,真人,0.3053,0.2352,693.68
noise_inject,0.45,-0.4,a0.45_sn0.4,C:\Users\User\Documents\MSc\Studies\SigProcForSpeech\project\results\noise_inject\method_A\audio\a0.45_sn0.4.wav,12.256,0.9,100.0,真人,0.2921,0.2356,690.45
noise_inject,0.45,-0.3,a0.45_sn0.3,C:\Users\User\Documents\MSc\Studies\SigProcForSpeech\project\results\noise_inject\method_A\audio\a0.45_sn0.3.wav,12.256,0.9,100.0,真人,0.2761,0.2317,687.64
noise_inject,0.45,-0.2,a0.45_sn0.2,C:\Users\User\Documents\MSc\Studies\SigProcForSpeech\project\results\noise_inject\method_A\audio\a0.45_sn0.2.wav,12.256,0.9,100.0,真人,0.2667,0.2359,684.47
noise_inject,0.45,-0.1,a0.45_sn0.1,C:\Users\User\Documents\MSc\Studies\SigProcForSpeech\project\results\noise_inject\method_A\audio\a0.45_sn0.1.wav,12.256,0.9,100.0,真人,0.2573,0.2431,681.45
noise_inject,0.45,-0.0,a0.45_sn0.0,C:\Users\User\Documents\MSc\Studies\SigProcForSpeech\project\results\noise_inject\method_A\audio\a0.45_sn0.0.wav,12.256,0.9,100.0,真人,0.2419,0.2444,678.94
noise_inject,0.45,0.1,a0.45_sp0.1,C:\Users\User\Documents\MSc\Studies\SigProcForSpeech\project\results\noise_inject\method_A\audio\a0.45_sp0.1.wav,12.256,0.9,100.0,真人,0.2205,0.2404,675.71
noise_inject,0.45,0.2,a0.45_sp0.2,C:\Users\User\Documents\MSc\Studies\SigProcForSpeech\project\results\noise_inject\method_A\audio\a0.45_sp0.2.wav,12.256,0.9,100.0,真人,0.2076,0.2432,672.5
noise_inject,0.45,0.3,a0.45_sp0.3,C:\Users\User\Documents\MSc\Studies\SigProcForSpeech\project\results\noise_inject\method_A\audio\a0.45_sp0.3.wav,12.256,0.9,100.0,진짜?,0.1919,0.2412,668.84
noise_inject,0.45,0.4,a0.45_sp0.4,C:\Users\User\Documents\MSc\Studies\SigProcForSpeech\project\results\noise_inject\method_A\audio\a0.45_sp0.4.wav,12.256,0.9,100.0,진짜?,0.1682,0.2334,665.11
noise_inject,0.45,0.5,a0.45_sp0.5,C:\Users\User\Documents\MSc\Studies\SigProcForSpeech\project\results\noise_inject\method_A\audio\a0.45_sp0.5.wav,12.256,0.9,100.0,진짜?,0.1438,0.2237,661.11
noise_inject,0.45,0.6,a0.45_sp0.6,C:\Users\User\Documents\MSc\Studies\SigProcForSpeech\project\results\noise_inject\method_A\audio\a0.45_sp0.6.wav,12.256,0.9,100.0,진짜?,0.1298,0.2222,657.19
noise_inject,0.45,0.7,a0.45_sp0.7,C:\Users\User\Documents\MSc\Studies\SigProcForSpeech\project\results\noise_inject\method_A\audio\a0.45_sp0.7.wav,12.256,0.9,100.0,진짜?,0.1204,0.221,653.27
noise_inject,0.45,0.8,a0.45_sp0.8,C:\Users\User\Documents\MSc\Studies\SigProcForSpeech\project\results\noise_inject\method_A\audio\a0.45_sp0.8.wav,12.256,0.9,100.0,진짜?,0.1277,0.2307,649.02
noise_inject,0.45,0.9,a0.45_sp0.9,C:\Users\User\Documents\MSc\Studies\SigProcForSpeech\project\results\noise_inject\method_A\audio\a0.45_sp0.9.wav,12.256,0.9,100.0,It's in then.,0.1128,0.2257,644.95
noise_inject,0.45,1.0,a0.45_sp1.0,C:\Users\User\Documents\MSc\Studies\SigProcForSpeech\project\results\noise_inject\method_A\audio\a0.45_sp1.0.wav,12.256,0.9,100.0,It's in then.,0.1153,0.2331,641.13
noise_inject,0.5,-1.0,a0.50_sn1.0,C:\Users\User\Documents\MSc\Studies\SigProcForSpeech\project\results\noise_inject\method_A\audio\a0.50_sn1.0.wav,12.256,0.9,100.0,真人,0.3268,0.2251,700.36
noise_inject,0.5,-0.9,a0.50_sn0.9,C:\Users\User\Documents\MSc\Studies\SigProcForSpeech\project\results\noise_inject\method_A\audio\a0.50_sn0.9.wav,12.256,0.9,100.0,真人,0.3251,0.2295,698.15
noise_inject,0.5,-0.8,a0.50_sn0.8,C:\Users\User\Documents\MSc\Studies\SigProcForSpeech\project\results\noise_inject\method_A\audio\a0.50_sn0.8.wav,12.256,0.9,100.0,真人,0.3193,0.2284,696.53
noise_inject,0.5,-0.7,a0.50_sn0.7,C:\Users\User\Documents\MSc\Studies\SigProcForSpeech\project\results\noise_inject\method_A\audio\a0.50_sn0.7.wav,12.256,0.9,100.0,真人,0.3085,0.2242,694.04
noise_inject,0.5,-0.6,a0.50_sn0.6,C:\Users\User\Documents\MSc\Studies\SigProcForSpeech\project\results\noise_inject\method_A\audio\a0.50_sn0.6.wav,12.256,0.9,100.0,真人,0.3038,0.2282,693.21
noise_inject,0.5,-0.5,a0.50_sn0.5,C:\Users\User\Documents\MSc\Studies\SigProcForSpeech\project\results\noise_inject\method_A\audio\a0.50_sn0.5.wav,12.256,0.9,100.0,真人,0.2953,0.2298,690.46
noise_inject,0.5,-0.4,a0.50_sn0.4,C:\Users\User\Documents\MSc\Studies\SigProcForSpeech\project\results\noise_inject\method_A\audio\a0.50_sn0.4.wav,12.256,0.9,100.0,真人,0.2884,0.2333,687.85
noise_inject,0.5,-0.3,a0.50_sn0.3,C:\Users\User\Documents\MSc\Studies\SigProcForSpeech\project\results\noise_inject\method_A\audio\a0.50_sn0.3.wav,12.256,0.9,100.0,真人,0.2808,0.2346,685.32
noise_inject,0.5,-0.2,a0.50_sn0.2,C:\Users\User\Documents\MSc\Studies\SigProcForSpeech\project\results\noise_inject\method_A\audio\a0.50_sn0.2.wav,12.256,0.9,100.0,真人,0.2705,0.2392,682.95
noise_inject,0.5,-0.1,a0.50_sn0.1,C:\Users\User\Documents\MSc\Studies\SigProcForSpeech\project\results\noise_inject\method_A\audio\a0.50_sn0.1.wav,12.256,0.9,100.0,真人,0.2596,0.2422,680.47
noise_inject,0.5,-0.0,a0.50_sn0.0,C:\Users\User\Documents\MSc\Studies\SigProcForSpeech\project\results\noise_inject\method_A\audio\a0.50_sn0.0.wav,12.256,0.9,100.0,真人,0.2483,0.2431,677.81
noise_inject,0.5,0.1,a0.50_sp0.1,C:\Users\User\Documents\MSc\Studies\SigProcForSpeech\project\results\noise_inject\method_A\audio\a0.50_sp0.1.wav,12.256,0.9,100.0,真人,0.231,0.2417,675.16
noise_inject,0.5,0.2,a0.50_sp0.2,C:\Users\User\Documents\MSc\Studies\SigProcForSpeech\project\results\noise_inject\method_A\audio\a0.50_sp0.2.wav,12.256,0.9,100.0,真人,0.219,0.2451,672.03
noise_inject,0.5,0.3,a0.50_sp0.3,C:\Users\User\Documents\MSc\Studies\SigProcForSpeech\project\results\noise_inject\method_A\audio\a0.50_sp0.3.wav,12.256,0.9,100.0,그... 진... 랜...,0.1954,0.238,668.57
noise_inject,0.5,0.4,a0.50_sp0.4,C:\Users\User\Documents\MSc\Studies\SigProcForSpeech\project\results\noise_inject\method_A\audio\a0.50_sp0.4.wav,12.256,0.9,100.0,그 진짜?,0.167,0.2261,665.17
noise_inject,0.5,0.5,a0.50_sp0.5,C:\Users\User\Documents\MSc\Studies\SigProcForSpeech\project\results\noise_inject\method_A\audio\a0.50_sp0.5.wav,12.256,0.9,100.0,진짜?,0.1477,0.219,661.49
noise_inject,0.5,0.6,a0.50_sp0.6,C:\Users\User\Documents\MSc\Studies\SigProcForSpeech\project\results\noise_inject\method_A\audio\a0.50_sp0.6.wav,12.256,0.9,100.0,진짜?,0.1384,0.2205,658.12
noise_inject,0.5,0.7,a0.50_sp0.7,C:\Users\User\Documents\MSc\Studies\SigProcForSpeech\project\results\noise_inject\method_A\audio\a0.50_sp0.7.wav,12.256,0.9,100.0,진짜?,0.1295,0.2176,654.7
noise_inject,0.5,0.8,a0.50_sp0.8,C:\Users\User\Documents\MSc\Studies\SigProcForSpeech\project\results\noise_inject\method_A\audio\a0.50_sp0.8.wav,12.256,0.9,100.0,진짜?,0.1228,0.2195,651.05
noise_inject,0.5,0.9,a0.50_sp0.9,C:\Users\User\Documents\MSc\Studies\SigProcForSpeech\project\results\noise_inject\method_A\audio\a0.50_sp0.9.wav,12.256,0.9,100.0,진짜?,0.117,0.221,647.36
noise_inject,0.5,1.0,a0.50_sp1.0,C:\Users\User\Documents\MSc\Studies\SigProcForSpeech\project\results\noise_inject\method_A\audio\a0.50_sp1.0.wav,12.256,0.9,100.0,진전!,0.1047,0.2168,643.47
noise_inject,0.55,-1.0,a0.55_sn1.0,C:\Users\User\Documents\MSc\Studies\SigProcForSpeech\project\results\noise_inject\method_A\audio\a0.55_sn1.0.wav,12.256,0.9,100.0,真人,0.3268,0.2294,697.05
noise_inject,0.55,-0.9,a0.55_sn0.9,C:\Users\User\Documents\MSc\Studies\SigProcForSpeech\project\results\noise_inject\method_A\audio\a0.55_sn0.9.wav,12.256,0.9,100.0,真人,0.3209,0.2286,695.2
noise_inject,0.55,-0.8,a0.55_sn0.8,C:\Users\User\Documents\MSc\Studies\SigProcForSpeech\project\results\noise_inject\method_A\audio\a0.55_sn0.8.wav,12.256,0.9,100.0,真人,0.3116,0.2286,693.77
noise_inject,0.55,-0.7,a0.55_sn0.7,C:\Users\User\Documents\MSc\Studies\SigProcForSpeech\project\results\noise_inject\method_A\audio\a0.55_sn0.7.wav,12.256,0.9,100.0,真人,0.3136,0.2359,691.82
noise_inject,0.55,-0.6,a0.55_sn0.6,C:\Users\User\Documents\MSc\Studies\SigProcForSpeech\project\results\noise_inject\method_A\audio\a0.55_sn0.6.wav,12.256,0.9,100.0,真人,0.3073,0.2361,690.12
noise_inject,0.55,-0.5,a0.55_sn0.5,C:\Users\User\Documents\MSc\Studies\SigProcForSpeech\project\results\noise_inject\method_A\audio\a0.55_sn0.5.wav,12.256,0.9,100.0,真人,0.2931,0.2312,687.91
noise_inject,0.55,-0.4,a0.55_sn0.4,C:\Users\User\Documents\MSc\Studies\SigProcForSpeech\project\results\noise_inject\method_A\audio\a0.55_sn0.4.wav,12.256,0.9,100.0,真人,0.2825,0.2288,686.1
noise_inject,0.55,-0.3,a0.55_sn0.3,C:\Users\User\Documents\MSc\Studies\SigProcForSpeech\project\results\noise_inject\method_A\audio\a0.55_sn0.3.wav,12.256,0.9,100.0,真人,0.2738,0.2301,684.03
noise_inject,0.55,-0.2,a0.55_sn0.2,C:\Users\User\Documents\MSc\Studies\SigProcForSpeech\project\results\noise_inject\method_A\audio\a0.55_sn0.2.wav,12.256,0.9,100.0,真人,0.267,0.2338,681.64
noise_inject,0.55,-0.1,a0.55_sn0.1,C:\Users\User\Documents\MSc\Studies\SigProcForSpeech\project\results\noise_inject\method_A\audio\a0.55_sn0.1.wav,12.256,0.9,100.0,真人,0.2574,0.2363,679.43
noise_inject,0.55,-0.0,a0.55_sn0.0,C:\Users\User\Documents\MSc\Studies\SigProcForSpeech\project\results\noise_inject\method_A\audio\a0.55_sn0.0.wav,12.256,0.9,100.0,真人,0.2444,0.2356,677.07
noise_inject,0.55,0.1,a0.55_sp0.1,C:\Users\User\Documents\MSc\Studies\SigProcForSpeech\project\results\noise_inject\method_A\audio\a0.55_sp0.1.wav,12.256,0.9,100.0,真人,0.2352,0.2399,674.6
noise_inject,0.55,0.2,a0.55_sp0.2,C:\Users\User\Documents\MSc\Studies\SigProcForSpeech\project\results\noise_inject\method_A\audio\a0.55_sp0.2.wav,12.256,0.9,100.0,그 진짜?,0.2185,0.2367,672.05
noise_inject,0.55,0.3,a0.55_sp0.3,C:\Users\User\Documents\MSc\Studies\SigProcForSpeech\project\results\noise_inject\method_A\audio\a0.55_sp0.3.wav,12.256,0.9,100.0,그 진짜?,0.2009,0.233,669.06
noise_inject,0.55,0.4,a0.55_sp0.4,C:\Users\User\Documents\MSc\Studies\SigProcForSpeech\project\results\noise_inject\method_A\audio\a0.55_sp0.4.wav,12.256,0.9,100.0,그 진짜?,0.1809,0.2282,665.95
noise_inject,0.55,0.5,a0.55_sp0.5,C:\Users\User\Documents\MSc\Studies\SigProcForSpeech\project\results\noise_inject\method_A\audio\a0.55_sp0.5.wav,12.256,0.9,100.0,그 진짜?,0.1599,0.2211,662.75
noise_inject,0.55,0.6,a0.55_sp0.6,C:\Users\User\Documents\MSc\Studies\SigProcForSpeech\project\results\noise_inject\method_A\audio\a0.55_sp0.6.wav,12.256,0.9,100.0,그 진짜?,0.1478,0.2185,660.07
noise_inject,0.55,0.7,a0.55_sp0.7,C:\Users\User\Documents\MSc\Studies\SigProcForSpeech\project\results\noise_inject\method_A\audio\a0.55_sp0.7.wav,12.256,0.9,100.0,진짜?,0.1337,0.2142,656.74
noise_inject,0.55,0.8,a0.55_sp0.8,C:\Users\User\Documents\MSc\Studies\SigProcForSpeech\project\results\noise_inject\method_A\audio\a0.55_sp0.8.wav,12.256,0.9,100.0,진짜?,0.1216,0.211,653.23
noise_inject,0.55,0.9,a0.55_sp0.9,C:\Users\User\Documents\MSc\Studies\SigProcForSpeech\project\results\noise_inject\method_A\audio\a0.55_sp0.9.wav,12.256,0.9,100.0,진짜?,0.1165,0.2111,649.98
noise_inject,0.55,1.0,a0.55_sp1.0,C:\Users\User\Documents\MSc\Studies\SigProcForSpeech\project\results\noise_inject\method_A\audio\a0.55_sp1.0.wav,12.256,0.9,100.0,진전!,0.1095,0.2102,647.09
noise_inject,0.6,-1.0,a0.60_sn1.0,C:\Users\User\Documents\MSc\Studies\SigProcForSpeech\project\results\noise_inject\method_A\audio\a0.60_sn1.0.wav,12.256,0.9,100.0,真人,0.3248,0.2342,694.12
noise_inject,0.6,-0.9,a0.60_sn0.9,C:\Users\User\Documents\MSc\Studies\SigProcForSpeech\project\results\noise_inject\method_A\audio\a0.60_sn0.9.wav,12.256,0.9,100.0,真人,0.3176,0.2329,692.84
noise_inject,0.6,-0.8,a0.60_sn0.8,C:\Users\User\Documents\MSc\Studies\SigProcForSpeech\project\results\noise_inject\method_A\audio\a0.60_sn0.8.wav,12.256,0.9,100.0,真人,0.312,0.2322,691.32
noise_inject,0.6,-0.7,a0.60_sn0.7,C:\Users\User\Documents\MSc\Studies\SigProcForSpeech\project\results\noise_inject\method_A\audio\a0.60_sn0.7.wav,12.256,0.9,100.0,真人,0.3038,0.231,689.38
noise_inject,0.6,-0.6,a0.60_sn0.6,C:\Users\User\Documents\MSc\Studies\SigProcForSpeech\project\results\noise_inject\method_A\audio\a0.60_sn0.6.wav,12.256,0.9,100.0,真人,0.2947,0.23,687.6
noise_inject,0.6,-0.5,a0.60_sn0.5,C:\Users\User\Documents\MSc\Studies\SigProcForSpeech\project\results\noise_inject\method_A\audio\a0.60_sn0.5.wav,12.256,0.9,100.0,真人,0.2884,0.2303,686.56
noise_inject,0.6,-0.4,a0.60_sn0.4,C:\Users\User\Documents\MSc\Studies\SigProcForSpeech\project\results\noise_inject\method_A\audio\a0.60_sn0.4.wav,12.256,0.9,100.0,真人,0.2798,0.2301,684.37
noise_inject,0.6,-0.3,a0.60_sn0.3,C:\Users\User\Documents\MSc\Studies\SigProcForSpeech\project\results\noise_inject\method_A\audio\a0.60_sn0.3.wav,12.256,0.9,100.0,真人,0.2686,0.227,682.82
noise_inject,0.6,-0.2,a0.60_sn0.2,C:\Users\User\Documents\MSc\Studies\SigProcForSpeech\project\results\noise_inject\method_A\audio\a0.60_sn0.2.wav,12.256,0.9,100.0,真人,0.2624,0.2294,680.66
noise_inject,0.6,-0.1,a0.60_sn0.1,C:\Users\User\Documents\MSc\Studies\SigProcForSpeech\project\results\noise_inject\method_A\audio\a0.60_sn0.1.wav,12.256,0.9,100.0,真人,0.2517,0.2292,678.45
noise_inject,0.6,-0.0,a0.60_sn0.0,C:\Users\User\Documents\MSc\Studies\SigProcForSpeech\project\results\noise_inject\method_A\audio\a0.60_sn0.0.wav,12.256,0.9,100.0,真人,0.2444,0.2301,676.38
noise_inject,0.6,0.1,a0.60_sp0.1,C:\Users\User\Documents\MSc\Studies\SigProcForSpeech\project\results\noise_inject\method_A\audio\a0.60_sp0.1.wav,12.256,0.9,100.0,真人,0.2362,0.2335,674.13
noise_inject,0.6,0.2,a0.60_sp0.2,C:\Users\User\Documents\MSc\Studies\SigProcForSpeech\project\results\noise_inject\method_A\audio\a0.60_sp0.2.wav,12.256,0.9,100.0,真人,0.2232,0.2329,671.82
noise_inject,0.6,0.3,a0.60_sp0.3,C:\Users\User\Documents\MSc\Studies\SigProcForSpeech\project\results\noise_inject\method_A\audio\a0.60_sp0.3.wav,12.256,0.9,100.0,그 진짜?,0.2083,0.2326,669.18
noise_inject,0.6,0.4,a0.60_sp0.4,C:\Users\User\Documents\MSc\Studies\SigProcForSpeech\project\results\noise_inject\method_A\audio\a0.60_sp0.4.wav,12.256,0.9,100.0,그 진짜?,0.1906,0.2283,666.57
noise_inject,0.6,0.5,a0.60_sp0.5,C:\Users\User\Documents\MSc\Studies\SigProcForSpeech\project\results\noise_inject\method_A\audio\a0.60_sp0.5.wav,12.256,0.9,100.0,그 진짜?,0.1755,0.2247,664.2
noise_inject,0.6,0.6,a0.60_sp0.6,C:\Users\User\Documents\MSc\Studies\SigProcForSpeech\project\results\noise_inject\method_A\audio\a0.60_sp0.6.wav,12.256,0.9,100.0,그 진짜?,0.1546,0.2162,661.63
noise_inject,0.6,0.7,a0.60_sp0.7,C:\Users\User\Documents\MSc\Studies\SigProcForSpeech\project\results\noise_inject\method_A\audio\a0.60_sp0.7.wav,12.256,0.9,100.0,그 진짜?,0.1478,0.217,658.91
noise_inject,0.6,0.8,a0.60_sp0.8,C:\Users\User\Documents\MSc\Studies\SigProcForSpeech\project\results\noise_inject\method_A\audio\a0.60_sp0.8.wav,12.256,0.9,100.0,그 진짜?,0.1332,0.2096,656.33
noise_inject,0.6,0.9,a0.60_sp0.9,C:\Users\User\Documents\MSc\Studies\SigProcForSpeech\project\results\noise_inject\method_A\audio\a0.60_sp0.9.wav,12.256,0.9,100.0,진전!,0.1222,0.2064,653.55
noise_inject,0.6,1.0,a0.60_sp1.0,C:\Users\User\Documents\MSc\Studies\SigProcForSpeech\project\results\noise_inject\method_A\audio\a0.60_sp1.0.wav,12.256,0.9,100.0,진전!,0.1144,0.2052,650.75
noise_inject,0.65,-1.0,a0.65_sn1.0,C:\Users\User\Documents\MSc\Studies\SigProcForSpeech\project\results\noise_inject\method_A\audio\a0.65_sn1.0.wav,12.256,0.9,100.0,真人,0.3155,0.231,691.45
noise_inject,0.65,-0.9,a0.65_sn0.9,C:\Users\User\Documents\MSc\Studies\SigProcForSpeech\project\results\noise_inject\method_A\audio\a0.65_sn0.9.wav,12.256,0.9,100.0,真人,0.3113,0.2303,690.95
noise_inject,0.65,-0.8,a0.65_sn0.8,C:\Users\User\Documents\MSc\Studies\SigProcForSpeech\project\results\noise_inject\method_A\audio\a0.65_sn0.8.wav,12.256,0.9,100.0,真人,0.3018,0.2289,688.79
noise_inject,0.65,-0.7,a0.65_sn0.7,C:\Users\User\Documents\MSc\Studies\SigProcForSpeech\project\results\noise_inject\method_A\audio\a0.65_sn0.7.wav,12.256,0.9,100.0,真人,0.2938,0.2272,687.43
noise_inject,0.65,-0.6,a0.65_sn0.6,C:\Users\User\Documents\MSc\Studies\SigProcForSpeech\project\results\noise_inject\method_A\audio\a0.65_sn0.6.wav,12.256,0.9,100.0,真人,0.285,0.2234,685.54
noise_inject,0.65,-0.5,a0.65_sn0.5,C:\Users\User\Documents\MSc\Studies\SigProcForSpeech\project\results\noise_inject\method_A\audio\a0.65_sn0.5.wav,12.256,0.9,100.0,真人,0.2782,0.2223,684.37
noise_inject,0.65,-0.4,a0.65_sn0.4,C:\Users\User\Documents\MSc\Studies\SigProcForSpeech\project\results\noise_inject\method_A\audio\a0.65_sn0.4.wav,12.256,0.9,100.0,真人,0.2721,0.2233,683.0
noise_inject,0.65,-0.3,a0.65_sn0.3,C:\Users\User\Documents\MSc\Studies\SigProcForSpeech\project\results\noise_inject\method_A\audio\a0.65_sn0.3.wav,12.256,0.9,100.0,真人,0.2764,0.2327,681.22
noise_inject,0.65,-0.2,a0.65_sn0.2,C:\Users\User\Documents\MSc\Studies\SigProcForSpeech\project\results\noise_inject\method_A\audio\a0.65_sn0.2.wav,12.256,0.9,100.0,真人,0.2611,0.2265,679.09
noise_inject,0.65,-0.1,a0.65_sn0.1,C:\Users\User\Documents\MSc\Studies\SigProcForSpeech\project\results\noise_inject\method_A\audio\a0.65_sn0.1.wav,12.256,0.9,100.0,真人,0.252,0.2245,677.36
noise_inject,0.65,-0.0,a0.65_sn0.0,C:\Users\User\Documents\MSc\Studies\SigProcForSpeech\project\results\noise_inject\method_A\audio\a0.65_sn0.0.wav,12.256,0.9,100.0,真人,0.2468,0.2273,675.39
noise_inject,0.65,0.1,a0.65_sp0.1,C:\Users\User\Documents\MSc\Studies\SigProcForSpeech\project\results\noise_inject\method_A\audio\a0.65_sp0.1.wav,12.256,0.9,100.0,真人,0.2379,0.2298,673.8
noise_inject,0.65,0.2,a0.65_sp0.2,C:\Users\User\Documents\MSc\Studies\SigProcForSpeech\project\results\noise_inject\method_A\audio\a0.65_sp0.2.wav,12.256,0.9,100.0,真人,0.2265,0.23,671.76
noise_inject,0.65,0.3,a0.65_sp0.3,C:\Users\User\Documents\MSc\Studies\SigProcForSpeech\project\results\noise_inject\method_A\audio\a0.65_sp0.3.wav,12.256,0.9,560.0,그... 진... 랜... 랜... 랜... 랜... 랜... 랜... 랜... 랜... 랜... 랜... 랜... 랜... 랜... 랜... 랜... 랜... 랜... 랜... 랜... 랜... 랜... 랜... 랜... 랜... 랜... 랜... 랜... 랜... 랜... 랜... 랜... 랜... 랜... 랜... 랜... 랜... 랜... 랜... 랜... 랜... 랜... 랜... 랜... 랜... 랜... 랜... 랜... 랜... 랜... 랜... 랜... 랜... 랜... 랜... 랜... 랜... 랜... 랜... 랜... 랜... 랜... 랜... 랜... 랜... 랜... 랜... 랜... 랜... 랜... 랜... 랜... 랜... 랜... 랜... 랜... 랜... 랜... 랜... 랜... 랜... 랜... 랜... 랜... 랜... 랜... 랜... 랜... 랜... 랜... 랜... 랜... 랜... 랜... 랜... 랜... 랜... 랜... 랜... 랜... 랜... 랜... 랜... 랜... 랜... 랜... 랜... 랜... 랜... 랜... 랜...,0.2152,0.2302,669.65
noise_inject,0.65,0.4,a0.65_sp0.4,C:\Users\User\Documents\MSc\Studies\SigProcForSpeech\project\results\noise_inject\method_A\audio\a0.65_sp0.4.wav,12.256,0.9,560.0,그... 진... 랜... 랜... 랜... 랜... 랜... 랜... 랜... 랜... 랜... 랜... 랜... 랜... 랜... 랜... 랜... 랜... 랜... 랜... 랜... 랜... 랜... 랜... 랜... 랜... 랜... 랜... 랜... 랜... 랜... 랜... 랜... 랜... 랜... 랜... 랜... 랜... 랜... 랜... 랜... 랜... 랜... 랜... 랜... 랜... 랜... 랜... 랜... 랜... 랜... 랜... 랜... 랜... 랜... 랜... 랜... 랜... 랜... 랜... 랜... 랜... 랜... 랜... 랜... 랜... 랜... 랜... 랜... 랜... 랜... 랜... 랜... 랜... 랜... 랜... 랜... 랜... 랜... 랜... 랜... 랜... 랜... 랜... 랜... 랜... 랜... 랜... 랜... 랜... 랜... 랜... 랜... 랜... 랜... 랜... 랜... 랜... 랜... 랜... 랜... 랜... 랜... 랜... 랜... 랜... 랜... 랜... 랜... 랜... 랜... 랜...,0.2014,0.2281,667.75
noise_inject,0.65,0.5,a0.65_sp0.5,C:\Users\User\Documents\MSc\Studies\SigProcForSpeech\project\results\noise_inject\method_A\audio\a0.65_sp0.5.wav,12.256,0.9,100.0,그 진짜?,0.1911,0.2274,665.53
noise_inject,0.65,0.6,a0.65_sp0.6,C:\Users\User\Documents\MSc\Studies\SigProcForSpeech\project\results\noise_inject\method_A\audio\a0.65_sp0.6.wav,12.256,0.9,100.0,그 진짜?,0.1747,0.2222,663.59
noise_inject,0.65,0.7,a0.65_sp0.7,C:\Users\User\Documents\MSc\Studies\SigProcForSpeech\project\results\noise_inject\method_A\audio\a0.65_sp0.7.wav,12.256,0.9,100.0,그 진짜?,0.1583,0.216,661.55
noise_inject,0.65,0.8,a0.65_sp0.8,C:\Users\User\Documents\MSc\Studies\SigProcForSpeech\project\results\noise_inject\method_A\audio\a0.65_sp0.8.wav,12.256,0.9,100.0,그 진짜?,0.1481,0.2134,659.23
noise_inject,0.65,0.9,a0.65_sp0.9,C:\Users\User\Documents\MSc\Studies\SigProcForSpeech\project\results\noise_inject\method_A\audio\a0.65_sp0.9.wav,12.256,0.9,100.0,그 진짜?,0.1347,0.2072,656.8
noise_inject,0.65,1.0,a0.65_sp1.0,C:\Users\User\Documents\MSc\Studies\SigProcForSpeech\project\results\noise_inject\method_A\audio\a0.65_sp1.0.wav,12.256,0.9,100.0,진짜?,0.1284,0.2056,654.31
noise_inject,0.7,-1.0,a0.70_sn1.0,C:\Users\User\Documents\MSc\Studies\SigProcForSpeech\project\results\noise_inject\method_A\audio\a0.70_sn1.0.wav,12.256,0.9,100.0,真人,0.3079,0.2295,690.24
noise_inject,0.7,-0.9,a0.70_sn0.9,C:\Users\User\Documents\MSc\Studies\SigProcForSpeech\project\results\noise_inject\method_A\audio\a0.70_sn0.9.wav,12.256,0.9,100.0,真人,0.3019,0.2283,687.97
noise_inject,0.7,-0.8,a0.70_sn0.8,C:\Users\User\Documents\MSc\Studies\SigProcForSpeech\project\results\noise_inject\method_A\audio\a0.70_sn0.8.wav,12.256,0.9,100.0,真人,0.2918,0.223,686.64
noise_inject,0.7,-0.7,a0.70_sn0.7,C:\Users\User\Documents\MSc\Studies\SigProcForSpeech\project\results\noise_inject\method_A\audio\a0.70_sn0.7.wav,12.256,0.9,100.0,真人,0.2856,0.2212,684.98
noise_inject,0.7,-0.6,a0.70_sn0.6,C:\Users\User\Documents\MSc\Studies\SigProcForSpeech\project\results\noise_inject\method_A\audio\a0.70_sn0.6.wav,12.256,0.9,100.0,真人,0.2818,0.222,684.16
noise_inject,0.7,-0.5,a0.70_sn0.5,C:\Users\User\Documents\MSc\Studies\SigProcForSpeech\project\results\noise_inject\method_A\audio\a0.70_sn0.5.wav,12.256,0.9,100.0,真人,0.274,0.2205,682.4
noise_inject,0.7,-0.4,a0.70_sn0.4,C:\Users\User\Documents\MSc\Studies\SigProcForSpeech\project\results\noise_inject\method_A\audio\a0.70_sn0.4.wav,12.256,0.9,100.0,真人,0.2672,0.2221,681.41
noise_inject,0.7,-0.3,a0.70_sn0.3,C:\Users\User\Documents\MSc\Studies\SigProcForSpeech\project\results\noise_inject\method_A\audio\a0.70_sn0.3.wav,12.256,0.9,100.0,真人,0.2692,0.227,679.94
noise_inject,0.7,-0.2,a0.70_sn0.2,C:\Users\User\Documents\MSc\Studies\SigProcForSpeech\project\results\noise_inject\method_A\audio\a0.70_sn0.2.wav,12.256,0.9,100.0,真人,0.2585,0.2216,678.16
noise_inject,0.7,-0.1,a0.70_sn0.1,C:\Users\User\Documents\MSc\Studies\SigProcForSpeech\project\results\noise_inject\method_A\audio\a0.70_sn0.1.wav,12.256,0.9,100.0,真人,0.2578,0.2279,676.4
noise_inject,0.7,-0.0,a0.70_sn0.0,C:\Users\User\Documents\MSc\Studies\SigProcForSpeech\project\results\noise_inject\method_A\audio\a0.70_sn0.0.wav,12.256,0.9,100.0,그 진짜?,0.2524,0.2307,675.18
noise_inject,0.7,0.1,a0.70_sp0.1,C:\Users\User\Documents\MSc\Studies\SigProcForSpeech\project\results\noise_inject\method_A\audio\a0.70_sp0.1.wav,12.256,0.9,560.0,그... 진... 랜... 랜... 랜... 랜... 랜... 랜... 랜... 랜... 랜... 랜... 랜... 랜... 랜... 랜... 랜... 랜... 랜... 랜... 랜... 랜... 랜... 랜... 랜... 랜... 랜... 랜... 랜... 랜... 랜... 랜... 랜... 랜... 랜... 랜... 랜... 랜... 랜... 랜... 랜... 랜... 랜... 랜... 랜... 랜... 랜... 랜... 랜... 랜... 랜... 랜... 랜... 랜... 랜... 랜... 랜... 랜... 랜... 랜... 랜... 랜... 랜... 랜... 랜... 랜... 랜... 랜... 랜... 랜... 랜... 랜... 랜... 랜... 랜... 랜... 랜... 랜... 랜... 랜... 랜... 랜... 랜... 랜... 랜... 랜... 랜... 랜... 랜... 랜... 랜... 랜... 랜... 랜... 랜... 랜... 랜... 랜... 랜... 랜... 랜... 랜... 랜... 랜... 랜... 랜... 랜... 랜... 랜... 랜... 랜... 랜...,0.2423,0.2302,673.08
noise_inject,0.7,0.2,a0.70_sp0.2,C:\Users\User\Documents\MSc\Studies\SigProcForSpeech\project\results\noise_inject\method_A\audio\a0.70_sp0.2.wav,12.256,0.9,100.0,真人,0.2293,0.2266,671.45
noise_inject,0.7,0.3,a0.70_sp0.3,C:\Users\User\Documents\MSc\Studies\SigProcForSpeech\project\results\noise_inject\method_A\audio\a0.70_sp0.3.wav,12.256,0.9,560.0,그... 진... 랜... 랜... 랜... 랜... 랜... 랜... 랜... 랜... 랜... 랜... 랜... 랜... 랜... 랜... 랜... 랜... 랜... 랜... 랜... 랜... 랜... 랜... 랜... 랜... 랜... 랜... 랜... 랜... 랜... 랜... 랜... 랜... 랜... 랜... 랜... 랜... 랜... 랜... 랜... 랜... 랜... 랜... 랜... 랜... 랜... 랜... 랜... 랜... 랜... 랜... 랜... 랜... 랜... 랜... 랜... 랜... 랜... 랜... 랜... 랜... 랜... 랜... 랜... 랜... 랜... 랜... 랜... 랜... 랜... 랜... 랜... 랜... 랜... 랜... 랜... 랜... 랜... 랜... 랜... 랜... 랜... 랜... 랜... 랜... 랜... 랜... 랜... 랜... 랜... 랜... 랜... 랜... 랜... 랜... 랜... 랜... 랜... 랜... 랜... 랜... 랜... 랜... 랜... 랜... 랜... 랜... 랜... 랜... 랜... 랜...,0.219,0.2253,670.43
noise_inject,0.7,0.4,a0.70_sp0.4,C:\Users\User\Documents\MSc\Studies\SigProcForSpeech\project\results\noise_inject\method_A\audio\a0.70_sp0.4.wav,12.256,0.9,100.0,그 진짜?,0.213,0.2275,668.81
noise_inject,0.7,0.5,a0.70_sp0.5,C:\Users\User\Documents\MSc\Studies\SigProcForSpeech\project\results\noise_inject\method_A\audio\a0.70_sp0.5.wav,12.256,0.9,100.0,그 진짜?,0.2018,0.2259,667.06
noise_inject,0.7,0.6,a0.70_sp0.6,C:\Users\User\Documents\MSc\Studies\SigProcForSpeech\project\results\noise_inject\method_A\audio\a0.70_sp0.6.wav,12.256,0.9,100.0,그 진짜?,0.1835,0.2186,665.35
noise_inject,0.7,0.7,a0.70_sp0.7,C:\Users\User\Documents\MSc\Studies\SigProcForSpeech\project\results\noise_inject\method_A\audio\a0.70_sp0.7.wav,12.256,0.9,100.0,그 진짜?,0.1723,0.2161,663.71
noise_inject,0.7,0.8,a0.70_sp0.8,C:\Users\User\Documents\MSc\Studies\SigProcForSpeech\project\results\noise_inject\method_A\audio\a0.70_sp0.8.wav,12.256,0.9,100.0,그 진짜?,0.1628,0.2137,661.86
noise_inject,0.7,0.9,a0.70_sp0.9,C:\Users\User\Documents\MSc\Studies\SigProcForSpeech\project\results\noise_inject\method_A\audio\a0.70_sp0.9.wav,12.256,0.9,100.0,그 진짜?,0.154,0.2106,659.63
noise_inject,0.7,1.0,a0.70_sp1.0,C:\Users\User\Documents\MSc\Studies\SigProcForSpeech\project\results\noise_inject\method_A\audio\a0.70_sp1.0.wav,12.256,0.9,100.0,그 진짜?,0.1446,0.2069,657.72
