method,method_label,primary_param,primary_value,sway_coef,tag,wer,sim_A,sim_B,mcd_A,duration_s,output_wav
A,Method A — SDEdit (noise injection),noise_level,0.0,-1.0,a0.00_sn1.0,0.0,0.8928,0.7708,726.41,12.256,C:\Users\User\Documents\MSc\Studies\New folder\results\extension_2\method_A\audio\a0.00_sn1.0.wav
A,Method A — SDEdit (noise injection),noise_level,0.0,-0.9,a0.00_sn0.9,0.0,0.8915,0.7706,722.06,12.256,C:\Users\User\Documents\MSc\Studies\New folder\results\extension_2\method_A\audio\a0.00_sn0.9.wav
A,Method A — SDEdit (noise injection),noise_level,0.0,-0.8,a0.00_sn0.8,0.0,0.8899,0.7668,719.02,12.256,C:\Users\User\Documents\MSc\Studies\New folder\results\extension_2\method_A\audio\a0.00_sn0.8.wav
A,Method A — SDEdit (noise injection),noise_level,0.0,-0.7,a0.00_sn0.7,0.0,0.891,0.7665,714.88,12.256,C:\Users\User\Documents\MSc\Studies\New folder\results\extension_2\method_A\audio\a0.00_sn0.7.wav
A,Method A — SDEdit (noise injection),noise_level,0.0,-0.6,a0.00_sn0.6,0.0,0.8895,0.7727,711.72,12.256,C:\Users\User\Documents\MSc\Studies\New folder\results\extension_2\method_A\audio\a0.00_sn0.6.wav
A,Method A — SDEdit (noise injection),noise_level,0.0,-0.5,a0.00_sn0.5,0.0,0.8965,0.7759,705.59,12.256,C:\Users\User\Documents\MSc\Studies\New folder\results\extension_2\method_A\audio\a0.00_sn0.5.wav
A,Method A — SDEdit (noise injection),noise_level,0.0,-0.4,a0.00_sn0.4,0.0,0.8846,0.7676,702.17,12.256,C:\Users\User\Documents\MSc\Studies\New folder\results\extension_2\method_A\audio\a0.00_sn0.4.wav
A,Method A — SDEdit (noise injection),noise_level,0.0,-0.3,a0.00_sn0.3,0.0,0.8589,0.7274,699.51,12.256,C:\Users\User\Documents\MSc\Studies\New folder\results\extension_2\method_A\audio\a0.00_sn0.3.wav
A,Method A — SDEdit (noise injection),noise_level,0.0,-0.2,a0.00_sn0.2,0.0,0.8391,0.7225,717.15,12.256,C:\Users\User\Documents\MSc\Studies\New folder\results\extension_2\method_A\audio\a0.00_sn0.2.wav
A,Method A — SDEdit (noise injection),noise_level,0.0,-0.1,a0.00_sn0.1,0.0,0.8301,0.7222,739.14,12.256,C:\Users\User\Documents\MSc\Studies\New folder\results\extension_2\method_A\audio\a0.00_sn0.1.wav
A,Method A — SDEdit (noise injection),noise_level,0.0,-0.0,a0.00_sn0.0,0.0,0.805,0.7343,742.19,12.256,C:\Users\User\Documents\MSc\Studies\New folder\results\extension_2\method_A\audio\a0.00_sn0.0.wav
A,Method A — SDEdit (noise injection),noise_level,0.0,0.1,a0.00_sp0.1,30.0,0.7489,0.7221,742.85,12.256,C:\Users\User\Documents\MSc\Studies\New folder\results\extension_2\method_A\audio\a0.00_sp0.1.wav
A,Method A — SDEdit (noise injection),noise_level,0.0,0.2,a0.00_sp0.2,20.0,0.6997,0.686,762.53,12.256,C:\Users\User\Documents\MSc\Studies\New folder\results\extension_2\method_A\audio\a0.00_sp0.2.wav
A,Method A — SDEdit (noise injection),noise_level,0.0,0.3,a0.00_sp0.3,35.0,0.6811,0.6778,762.94,12.256,C:\Users\User\Documents\MSc\Studies\New folder\results\extension_2\method_A\audio\a0.00_sp0.3.wav
A,Method A — SDEdit (noise injection),noise_level,0.0,0.4,a0.00_sp0.4,55.0,0.6711,0.6617,766.25,12.256,C:\Users\User\Documents\MSc\Studies\New folder\results\extension_2\method_A\audio\a0.00_sp0.4.wav
A,Method A — SDEdit (noise injection),noise_level,0.0,0.5,a0.00_sp0.5,75.0,0.6474,0.6382,765.81,12.256,C:\Users\User\Documents\MSc\Studies\New folder\results\extension_2\method_A\audio\a0.00_sp0.5.wav
A,Method A — SDEdit (noise injection),noise_level,0.0,0.6,a0.00_sp0.6,100.0,0.6104,0.6023,770.15,12.256,C:\Users\User\Documents\MSc\Studies\New folder\results\extension_2\method_A\audio\a0.00_sp0.6.wav
A,Method A — SDEdit (noise injection),noise_level,0.0,0.7,a0.00_sp0.7,100.0,0.5816,0.5726,773.55,12.256,C:\Users\User\Documents\MSc\Studies\New folder\results\extension_2\method_A\audio\a0.00_sp0.7.wav
A,Method A — SDEdit (noise injection),noise_level,0.0,0.8,a0.00_sp0.8,100.0,0.5565,0.5541,774.63,12.256,C:\Users\User\Documents\MSc\Studies\New folder\results\extension_2\method_A\audio\a0.00_sp0.8.wav
A,Method A — SDEdit (noise injection),noise_level,0.0,0.9,a0.00_sp0.9,100.0,0.5449,0.5549,774.42,12.256,C:\Users\User\Documents\MSc\Studies\New folder\results\extension_2\method_A\audio\a0.00_sp0.9.wav
A,Method A — SDEdit (noise injection),noise_level,0.0,1.0,a0.00_sp1.0,90.0,0.5319,0.5544,772.6,12.256,C:\Users\User\Documents\MSc\Studies\New folder\results\extension_2\method_A\audio\a0.00_sp1.0.wav
A,Method A — SDEdit (noise injection),noise_level,0.05,-1.0,a0.05_sn1.0,0.0,0.843,0.7105,776.28,12.256,C:\Users\User\Documents\MSc\Studies\New folder\results\extension_2\method_A\audio\a0.05_sn1.0.wav
A,Method A — SDEdit (noise injection),noise_level,0.05,-0.9,a0.05_sn0.9,0.0,0.8736,0.7825,721.79,12.256,C:\Users\User\Documents\MSc\Studies\New folder\results\extension_2\method_A\audio\a0.05_sn0.9.wav
A,Method A — SDEdit (noise injection),noise_level,0.05,-0.8,a0.05_sn0.8,0.0,0.7868,0.6894,773.94,12.256,C:\Users\User\Documents\MSc\Studies\New folder\results\extension_2\method_A\audio\a0.05_sn0.8.wav
A,Method A — SDEdit (noise injection),noise_level,0.05,-0.7,a0.05_sn0.7,10.0,0.7295,0.6657,715.09,12.256,C:\Users\User\Documents\MSc\Studies\New folder\results\extension_2\method_A\audio\a0.05_sn0.7.wav
A,Method A — SDEdit (noise injection),noise_level,0.05,-0.6,a0.05_sn0.6,0.0,0.7651,0.7028,663.07,12.256,C:\Users\User\Documents\MSc\Studies\New folder\results\extension_2\method_A\audio\a0.05_sn0.6.wav
A,Method A — SDEdit (noise injection),noise_level,0.05,-0.5,a0.05_sn0.5,35.0,0.769,0.716,691.42,12.256,C:\Users\User\Documents\MSc\Studies\New folder\results\extension_2\method_A\audio\a0.05_sn0.5.wav
A,Method A — SDEdit (noise injection),noise_level,0.05,-0.4,a0.05_sn0.4,25.0,0.7198,0.7043,711.78,12.256,C:\Users\User\Documents\MSc\Studies\New folder\results\extension_2\method_A\audio\a0.05_sn0.4.wav
A,Method A — SDEdit (noise injection),noise_level,0.05,-0.3,a0.05_sn0.3,40.0,0.7419,0.7217,740.46,12.256,C:\Users\User\Documents\MSc\Studies\New folder\results\extension_2\method_A\audio\a0.05_sn0.3.wav
A,Method A — SDEdit (noise injection),noise_level,0.05,-0.2,a0.05_sn0.2,65.0,0.7837,0.7843,757.38,12.256,C:\Users\User\Documents\MSc\Studies\New folder\results\extension_2\method_A\audio\a0.05_sn0.2.wav
A,Method A — SDEdit (noise injection),noise_level,0.05,-0.1,a0.05_sn0.1,35.0,0.679,0.6751,709.47,12.256,C:\Users\User\Documents\MSc\Studies\New folder\results\extension_2\method_A\audio\a0.05_sn0.1.wav
A,Method A — SDEdit (noise injection),noise_level,0.05,-0.0,a0.05_sn0.0,55.0,0.6687,0.7073,712.92,12.256,C:\Users\User\Documents\MSc\Studies\New folder\results\extension_2\method_A\audio\a0.05_sn0.0.wav
A,Method A — SDEdit (noise injection),noise_level,0.05,0.1,a0.05_sp0.1,85.0,0.6438,0.6956,706.36,12.256,C:\Users\User\Documents\MSc\Studies\New folder\results\extension_2\method_A\audio\a0.05_sp0.1.wav
A,Method A — SDEdit (noise injection),noise_level,0.05,0.2,a0.05_sp0.2,70.0,0.6246,0.6772,701.87,12.256,C:\Users\User\Documents\MSc\Studies\New folder\results\extension_2\method_A\audio\a0.05_sp0.2.wav
A,Method A — SDEdit (noise injection),noise_level,0.05,0.3,a0.05_sp0.3,65.0,0.6097,0.6587,695.93,12.256,C:\Users\User\Documents\MSc\Studies\New folder\results\extension_2\method_A\audio\a0.05_sp0.3.wav
A,Method A — SDEdit (noise injection),noise_level,0.05,0.4,a0.05_sp0.4,90.0,0.5945,0.649,691.35,12.256,C:\Users\User\Documents\MSc\Studies\New folder\results\extension_2\method_A\audio\a0.05_sp0.4.wav
A,Method A — SDEdit (noise injection),noise_level,0.05,0.5,a0.05_sp0.5,70.0,0.581,0.6504,689.48,12.256,C:\Users\User\Documents\MSc\Studies\New folder\results\extension_2\method_A\audio\a0.05_sp0.5.wav
A,Method A — SDEdit (noise injection),noise_level,0.05,0.6,a0.05_sp0.6,85.0,0.5757,0.6437,688.74,12.256,C:\Users\User\Documents\MSc\Studies\New folder\results\extension_2\method_A\audio\a0.05_sp0.6.wav
A,Method A — SDEdit (noise injection),noise_level,0.05,0.7,a0.05_sp0.7,80.0,0.5552,0.6247,683.65,12.256,C:\Users\User\Documents\MSc\Studies\New folder\results\extension_2\method_A\audio\a0.05_sp0.7.wav
A,Method A — SDEdit (noise injection),noise_level,0.05,0.8,a0.05_sp0.8,100.0,0.5543,0.6195,679.41,12.256,C:\Users\User\Documents\MSc\Studies\New folder\results\extension_2\method_A\audio\a0.05_sp0.8.wav
A,Method A — SDEdit (noise injection),noise_level,0.05,0.9,a0.05_sp0.9,1650.0,0.5464,0.6179,676.64,12.256,C:\Users\User\Documents\MSc\Studies\New folder\results\extension_2\method_A\audio\a0.05_sp0.9.wav
A,Method A — SDEdit (noise injection),noise_level,0.05,1.0,a0.05_sp1.0,1115.0,0.5252,0.6034,673.95,12.256,C:\Users\User\Documents\MSc\Studies\New folder\results\extension_2\method_A\audio\a0.05_sp1.0.wav
A,Method A — SDEdit (noise injection),noise_level,0.1,-1.0,a0.10_sn1.0,60.0,0.8302,0.7637,755.48,12.256,C:\Users\User\Documents\MSc\Studies\New folder\results\extension_2\method_A\audio\a0.10_sn1.0.wav
A,Method A — SDEdit (noise injection),noise_level,0.1,-0.9,a0.10_sn0.9,45.0,0.7508,0.6598,739.66,12.256,C:\Users\User\Documents\MSc\Studies\New folder\results\extension_2\method_A\audio\a0.10_sn0.9.wav
A,Method A — SDEdit (noise injection),noise_level,0.1,-0.8,a0.10_sn0.8,70.0,0.7635,0.707,774.81,12.256,C:\Users\User\Documents\MSc\Studies\New folder\results\extension_2\method_A\audio\a0.10_sn0.8.wav
A,Method A — SDEdit (noise injection),noise_level,0.1,-0.7,a0.10_sn0.7,40.0,0.7678,0.7306,785.57,12.256,C:\Users\User\Documents\MSc\Studies\New folder\results\extension_2\method_A\audio\a0.10_sn0.7.wav
A,Method A — SDEdit (noise injection),noise_level,0.1,-0.6,a0.10_sn0.6,25.0,0.7541,0.7242,764.38,12.256,C:\Users\User\Documents\MSc\Studies\New folder\results\extension_2\method_A\audio\a0.10_sn0.6.wav
A,Method A — SDEdit (noise injection),noise_level,0.1,-0.5,a0.10_sn0.5,40.0,0.6926,0.6896,736.52,12.256,C:\Users\User\Documents\MSc\Studies\New folder\results\extension_2\method_A\audio\a0.10_sn0.5.wav
A,Method A — SDEdit (noise injection),noise_level,0.1,-0.4,a0.10_sn0.4,55.0,0.6535,0.6698,732.91,12.256,C:\Users\User\Documents\MSc\Studies\New folder\results\extension_2\method_A\audio\a0.10_sn0.4.wav
A,Method A — SDEdit (noise injection),noise_level,0.1,-0.3,a0.10_sn0.3,65.0,0.6352,0.6657,728.1,12.256,C:\Users\User\Documents\MSc\Studies\New folder\results\extension_2\method_A\audio\a0.10_sn0.3.wav
A,Method A — SDEdit (noise injection),noise_level,0.1,-0.2,a0.10_sn0.2,95.0,0.5909,0.6344,715.16,12.256,C:\Users\User\Documents\MSc\Studies\New folder\results\extension_2\method_A\audio\a0.10_sn0.2.wav
A,Method A — SDEdit (noise injection),noise_level,0.1,-0.1,a0.10_sn0.1,100.0,0.5755,0.6292,706.95,12.256,C:\Users\User\Documents\MSc\Studies\New folder\results\extension_2\method_A\audio\a0.10_sn0.1.wav
A,Method A — SDEdit (noise injection),noise_level,0.1,-0.0,a0.10_sn0.0,90.0,0.5376,0.606,704.04,12.256,C:\Users\User\Documents\MSc\Studies\New folder\results\extension_2\method_A\audio\a0.10_sn0.0.wav
A,Method A — SDEdit (noise injection),noise_level,0.1,0.1,a0.10_sp0.1,90.0,0.5158,0.5866,697.66,12.256,C:\Users\User\Documents\MSc\Studies\New folder\results\extension_2\method_A\audio\a0.10_sp0.1.wav
A,Method A — SDEdit (noise injection),noise_level,0.1,0.2,a0.10_sp0.2,105.0,0.4911,0.5699,692.03,12.256,C:\Users\User\Documents\MSc\Studies\New folder\results\extension_2\method_A\audio\a0.10_sp0.2.wav
A,Method A — SDEdit (noise injection),noise_level,0.1,0.3,a0.10_sp0.3,105.0,0.465,0.551,686.45,12.256,C:\Users\User\Documents\MSc\Studies\New folder\results\extension_2\method_A\audio\a0.10_sp0.3.wav
A,Method A — SDEdit (noise injection),noise_level,0.1,0.4,a0.10_sp0.4,130.0,0.4311,0.514,680.89,12.256,C:\Users\User\Documents\MSc\Studies\New folder\results\extension_2\method_A\audio\a0.10_sp0.4.wav
A,Method A — SDEdit (noise injection),noise_level,0.1,0.5,a0.10_sp0.5,85.0,0.3836,0.4781,674.95,12.256,C:\Users\User\Documents\MSc\Studies\New folder\results\extension_2\method_A\audio\a0.10_sp0.5.wav
A,Method A — SDEdit (noise injection),noise_level,0.1,0.6,a0.10_sp0.6,120.0,0.3507,0.4466,667.52,12.256,C:\Users\User\Documents\MSc\Studies\New folder\results\extension_2\method_A\audio\a0.10_sp0.6.wav
A,Method A — SDEdit (noise injection),noise_level,0.1,0.7,a0.10_sp0.7,1325.0,0.3053,0.4059,658.32,12.256,C:\Users\User\Documents\MSc\Studies\New folder\results\extension_2\method_A\audio\a0.10_sp0.7.wav
A,Method A — SDEdit (noise injection),noise_level,0.1,0.8,a0.10_sp0.8,995.0,0.2806,0.3898,653.08,12.256,C:\Users\User\Documents\MSc\Studies\New folder\results\extension_2\method_A\audio\a0.10_sp0.8.wav
A,Method A — SDEdit (noise injection),noise_level,0.1,0.9,a0.10_sp0.9,95.0,0.2641,0.3861,649.21,12.256,C:\Users\User\Documents\MSc\Studies\New folder\results\extension_2\method_A\audio\a0.10_sp0.9.wav
A,Method A — SDEdit (noise injection),noise_level,0.1,1.0,a0.10_sp1.0,1115.0,0.2561,0.3816,646.14,12.256,C:\Users\User\Documents\MSc\Studies\New folder\results\extension_2\method_A\audio\a0.10_sp1.0.wav
A,Method A — SDEdit (noise injection),noise_level,0.15,-1.0,a0.15_sn1.0,55.0,0.6942,0.6312,738.86,12.256,C:\Users\User\Documents\MSc\Studies\New folder\results\extension_2\method_A\audio\a0.15_sn1.0.wav
A,Method A — SDEdit (noise injection),noise_level,0.15,-0.9,a0.15_sn0.9,45.0,0.7412,0.6633,769.99,12.256,C:\Users\User\Documents\MSc\Studies\New folder\results\extension_2\method_A\audio\a0.15_sn0.9.wav
A,Method A — SDEdit (noise injection),noise_level,0.15,-0.8,a0.15_sn0.8,55.0,0.7209,0.659,766.51,12.256,C:\Users\User\Documents\MSc\Studies\New folder\results\extension_2\method_A\audio\a0.15_sn0.8.wav
A,Method A — SDEdit (noise injection),noise_level,0.15,-0.7,a0.15_sn0.7,35.0,0.6306,0.6024,735.32,12.256,C:\Users\User\Documents\MSc\Studies\New folder\results\extension_2\method_A\audio\a0.15_sn0.7.wav
A,Method A — SDEdit (noise injection),noise_level,0.15,-0.6,a0.15_sn0.6,65.0,0.6106,0.6109,737.82,12.256,C:\Users\User\Documents\MSc\Studies\New folder\results\extension_2\method_A\audio\a0.15_sn0.6.wav
A,Method A — SDEdit (noise injection),noise_level,0.15,-0.5,a0.15_sn0.5,85.0,0.5619,0.5792,725.16,12.256,C:\Users\User\Documents\MSc\Studies\New folder\results\extension_2\method_A\audio\a0.15_sn0.5.wav
A,Method A — SDEdit (noise injection),noise_level,0.15,-0.4,a0.15_sn0.4,100.0,0.5138,0.5373,715.83,12.256,C:\Users\User\Documents\MSc\Studies\New folder\results\extension_2\method_A\audio\a0.15_sn0.4.wav
A,Method A — SDEdit (noise injection),noise_level,0.15,-0.3,a0.15_sn0.3,100.0,0.4879,0.5175,710.67,12.256,C:\Users\User\Documents\MSc\Studies\New folder\results\extension_2\method_A\audio\a0.15_sn0.3.wav
A,Method A — SDEdit (noise injection),noise_level,0.15,-0.2,a0.15_sn0.2,100.0,0.4628,0.5029,704.59,12.256,C:\Users\User\Documents\MSc\Studies\New folder\results\extension_2\method_A\audio\a0.15_sn0.2.wav
A,Method A — SDEdit (noise injection),noise_level,0.15,-0.1,a0.15_sn0.1,100.0,0.4268,0.467,697.66,12.256,C:\Users\User\Documents\MSc\Studies\New folder\results\extension_2\method_A\audio\a0.15_sn0.1.wav
A,Method A — SDEdit (noise injection),noise_level,0.15,-0.0,a0.15_sn0.0,95.0,0.356,0.4039,691.41,12.256,C:\Users\User\Documents\MSc\Studies\New folder\results\extension_2\method_A\audio\a0.15_sn0.0.wav
A,Method A — SDEdit (noise injection),noise_level,0.15,0.1,a0.15_sp0.1,95.0,0.2996,0.359,685.43,12.256,C:\Users\User\Documents\MSc\Studies\New folder\results\extension_2\method_A\audio\a0.15_sp0.1.wav
A,Method A — SDEdit (noise injection),noise_level,0.15,0.2,a0.15_sp0.2,95.0,0.2638,0.332,679.7,12.256,C:\Users\User\Documents\MSc\Studies\New folder\results\extension_2\method_A\audio\a0.15_sp0.2.wav
A,Method A — SDEdit (noise injection),noise_level,0.15,0.3,a0.15_sp0.3,100.0,0.2398,0.3202,673.86,12.256,C:\Users\User\Documents\MSc\Studies\New folder\results\extension_2\method_A\audio\a0.15_sp0.3.wav
A,Method A — SDEdit (noise injection),noise_level,0.15,0.4,a0.15_sp0.4,100.0,0.2251,0.3085,667.11,12.256,C:\Users\User\Documents\MSc\Studies\New folder\results\extension_2\method_A\audio\a0.15_sp0.4.wav
A,Method A — SDEdit (noise injection),noise_level,0.15,0.5,a0.15_sp0.5,100.0,0.2138,0.304,660.58,12.256,C:\Users\User\Documents\MSc\Studies\New folder\results\extension_2\method_A\audio\a0.15_sp0.5.wav
A,Method A — SDEdit (noise injection),noise_level,0.15,0.6,a0.15_sp0.6,100.0,0.201,0.2974,654.52,12.256,C:\Users\User\Documents\MSc\Studies\New folder\results\extension_2\method_A\audio\a0.15_sp0.6.wav
A,Method A — SDEdit (noise injection),noise_level,0.15,0.7,a0.15_sp0.7,100.0,0.1991,0.3051,650.14,12.256,C:\Users\User\Documents\MSc\Studies\New folder\results\extension_2\method_A\audio\a0.15_sp0.7.wav
A,Method A — SDEdit (noise injection),noise_level,0.15,0.8,a0.15_sp0.8,100.0,0.1981,0.3126,647.04,12.256,C:\Users\User\Documents\MSc\Studies\New folder\results\extension_2\method_A\audio\a0.15_sp0.8.wav
A,Method A — SDEdit (noise injection),noise_level,0.15,0.9,a0.15_sp0.9,100.0,0.1947,0.3227,645.03,12.256,C:\Users\User\Documents\MSc\Studies\New folder\results\extension_2\method_A\audio\a0.15_sp0.9.wav
A,Method A — SDEdit (noise injection),noise_level,0.15,1.0,a0.15_sp1.0,100.0,0.1939,0.3394,644.92,12.256,C:\Users\User\Documents\MSc\Studies\New folder\results\extension_2\method_A\audio\a0.15_sp1.0.wav
A,Method A — SDEdit (noise injection),noise_level,0.2,-1.0,a0.20_sn1.0,40.0,0.6842,0.5954,754.95,12.256,C:\Users\User\Documents\MSc\Studies\New folder\results\extension_2\method_A\audio\a0.20_sn1.0.wav
A,Method A — SDEdit (noise injection),noise_level,0.2,-0.9,a0.20_sn0.9,40.0,0.6214,0.5661,738.58,12.256,C:\Users\User\Documents\MSc\Studies\New folder\results\extension_2\method_A\audio\a0.20_sn0.9.wav
A,Method A — SDEdit (noise injection),noise_level,0.2,-0.8,a0.20_sn0.8,100.0,0.5978,0.5563,736.7,12.256,C:\Users\User\Documents\MSc\Studies\New folder\results\extension_2\method_A\audio\a0.20_sn0.8.wav
A,Method A — SDEdit (noise injection),noise_level,0.2,-0.7,a0.20_sn0.7,95.0,0.5265,0.524,720.04,12.256,C:\Users\User\Documents\MSc\Studies\New folder\results\extension_2\method_A\audio\a0.20_sn0.7.wav
A,Method A — SDEdit (noise injection),noise_level,0.2,-0.6,a0.20_sn0.6,760.0,0.5151,0.5266,719.82,12.256,C:\Users\User\Documents\MSc\Studies\New folder\results\extension_2\method_A\audio\a0.20_sn0.6.wav
A,Method A — SDEdit (noise injection),noise_level,0.2,-0.5,a0.20_sn0.5,100.0,0.4668,0.4865,715.19,12.256,C:\Users\User\Documents\MSc\Studies\New folder\results\extension_2\method_A\audio\a0.20_sn0.5.wav
A,Method A — SDEdit (noise injection),noise_level,0.2,-0.4,a0.20_sn0.4,95.0,0.3756,0.3833,709.73,12.256,C:\Users\User\Documents\MSc\Studies\New folder\results\extension_2\method_A\audio\a0.20_sn0.4.wav
A,Method A — SDEdit (noise injection),noise_level,0.2,-0.3,a0.20_sn0.3,95.0,0.3128,0.3347,704.45,12.256,C:\Users\User\Documents\MSc\Studies\New folder\results\extension_2\method_A\audio\a0.20_sn0.3.wav
A,Method A — SDEdit (noise injection),noise_level,0.2,-0.2,a0.20_sn0.2,95.0,0.2879,0.3175,699.03,12.256,C:\Users\User\Documents\MSc\Studies\New folder\results\extension_2\method_A\audio\a0.20_sn0.2.wav
A,Method A — SDEdit (noise injection),noise_level,0.2,-0.1,a0.20_sn0.1,95.0,0.2655,0.3046,693.84,12.256,C:\Users\User\Documents\MSc\Studies\New folder\results\extension_2\method_A\audio\a0.20_sn0.1.wav
A,Method A — SDEdit (noise injection),noise_level,0.2,-0.0,a0.20_sn0.0,95.0,0.2488,0.296,687.98,12.256,C:\Users\User\Documents\MSc\Studies\New folder\results\extension_2\method_A\audio\a0.20_sn0.0.wav
A,Method A — SDEdit (noise injection),noise_level,0.2,0.1,a0.20_sp0.1,95.0,0.2364,0.293,682.61,12.256,C:\Users\User\Documents\MSc\Studies\New folder\results\extension_2\method_A\audio\a0.20_sp0.1.wav
A,Method A — SDEdit (noise injection),noise_level,0.2,0.2,a0.20_sp0.2,95.0,0.2194,0.2843,677.07,12.256,C:\Users\User\Documents\MSc\Studies\New folder\results\extension_2\method_A\audio\a0.20_sp0.2.wav
A,Method A — SDEdit (noise injection),noise_level,0.2,0.3,a0.20_sp0.3,100.0,0.1999,0.2742,671.98,12.256,C:\Users\User\Documents\MSc\Studies\New folder\results\extension_2\method_A\audio\a0.20_sp0.3.wav
A,Method A — SDEdit (noise injection),noise_level,0.2,0.4,a0.20_sp0.4,100.0,0.1832,0.269,665.48,12.256,C:\Users\User\Documents\MSc\Studies\New folder\results\extension_2\method_A\audio\a0.20_sp0.4.wav
A,Method A — SDEdit (noise injection),noise_level,0.2,0.5,a0.20_sp0.5,100.0,0.1844,0.2752,659.26,12.256,C:\Users\User\Documents\MSc\Studies\New folder\results\extension_2\method_A\audio\a0.20_sp0.5.wav
A,Method A — SDEdit (noise injection),noise_level,0.2,0.6,a0.20_sp0.6,95.0,0.1818,0.283,653.91,12.256,C:\Users\User\Documents\MSc\Studies\New folder\results\extension_2\method_A\audio\a0.20_sp0.6.wav
A,Method A — SDEdit (noise injection),noise_level,0.2,0.7,a0.20_sp0.7,95.0,0.1708,0.285,649.94,12.256,C:\Users\User\Documents\MSc\Studies\New folder\results\extension_2\method_A\audio\a0.20_sp0.7.wav
A,Method A — SDEdit (noise injection),noise_level,0.2,0.8,a0.20_sp0.8,95.0,0.1692,0.2985,647.62,12.256,C:\Users\User\Documents\MSc\Studies\New folder\results\extension_2\method_A\audio\a0.20_sp0.8.wav
A,Method A — SDEdit (noise injection),noise_level,0.2,0.9,a0.20_sp0.9,2190.0,0.1649,0.3102,646.32,12.256,C:\Users\User\Documents\MSc\Studies\New folder\results\extension_2\method_A\audio\a0.20_sp0.9.wav
A,Method A — SDEdit (noise injection),noise_level,0.2,1.0,a0.20_sp1.0,1660.0,0.1684,0.3228,645.66,12.256,C:\Users\User\Documents\MSc\Studies\New folder\results\extension_2\method_A\audio\a0.20_sp1.0.wav
A,Method A — SDEdit (noise injection),noise_level,0.25,-1.0,a0.25_sn1.0,95.0,0.5611,0.5204,719.83,12.256,C:\Users\User\Documents\MSc\Studies\New folder\results\extension_2\method_A\audio\a0.25_sn1.0.wav
A,Method A — SDEdit (noise injection),noise_level,0.25,-0.9,a0.25_sn0.9,95.0,0.5334,0.4943,720.61,12.256,C:\Users\User\Documents\MSc\Studies\New folder\results\extension_2\method_A\audio\a0.25_sn0.9.wav
A,Method A — SDEdit (noise injection),noise_level,0.25,-0.8,a0.25_sn0.8,100.0,0.4812,0.4456,719.45,12.256,C:\Users\User\Documents\MSc\Studies\New folder\results\extension_2\method_A\audio\a0.25_sn0.8.wav
A,Method A — SDEdit (noise injection),noise_level,0.25,-0.7,a0.25_sn0.7,100.0,0.3658,0.3127,714.32,12.256,C:\Users\User\Documents\MSc\Studies\New folder\results\extension_2\method_A\audio\a0.25_sn0.7.wav
A,Method A — SDEdit (noise injection),noise_level,0.25,-0.6,a0.25_sn0.6,100.0,0.33,0.2828,710.15,12.256,C:\Users\User\Documents\MSc\Studies\New folder\results\extension_2\method_A\audio\a0.25_sn0.6.wav
A,Method A — SDEdit (noise injection),noise_level,0.25,-0.5,a0.25_sn0.5,100.0,0.3121,0.2763,705.97,12.256,C:\Users\User\Documents\MSc\Studies\New folder\results\extension_2\method_A\audio\a0.25_sn0.5.wav
A,Method A — SDEdit (noise injection),noise_level,0.25,-0.4,a0.25_sn0.4,100.0,0.2978,0.2734,702.02,12.256,C:\Users\User\Documents\MSc\Studies\New folder\results\extension_2\method_A\audio\a0.25_sn0.4.wav
A,Method A — SDEdit (noise injection),noise_level,0.25,-0.3,a0.25_sn0.3,100.0,0.285,0.2713,698.72,12.256,C:\Users\User\Documents\MSc\Studies\New folder\results\extension_2\method_A\audio\a0.25_sn0.3.wav
A,Method A — SDEdit (noise injection),noise_level,0.25,-0.2,a0.25_sn0.2,100.0,0.2675,0.2735,694.59,12.256,C:\Users\User\Documents\MSc\Studies\New folder\results\extension_2\method_A\audio\a0.25_sn0.2.wav
A,Method A — SDEdit (noise injection),noise_level,0.25,-0.1,a0.25_sn0.1,100.0,0.2516,0.2695,690.66,12.256,C:\Users\User\Documents\MSc\Studies\New folder\results\extension_2\method_A\audio\a0.25_sn0.1.wav
A,Method A — SDEdit (noise injection),noise_level,0.25,-0.0,a0.25_sn0.0,100.0,0.2385,0.2709,685.68,12.256,C:\Users\User\Documents\MSc\Studies\New folder\results\extension_2\method_A\audio\a0.25_sn0.0.wav
A,Method A — SDEdit (noise injection),noise_level,0.25,0.1,a0.25_sp0.1,95.0,0.2232,0.2644,680.06,12.256,C:\Users\User\Documents\MSc\Studies\New folder\results\extension_2\method_A\audio\a0.25_sp0.1.wav
A,Method A — SDEdit (noise injection),noise_level,0.25,0.2,a0.25_sp0.2,95.0,0.2066,0.2602,674.64,12.256,C:\Users\User\Documents\MSc\Studies\New folder\results\extension_2\method_A\audio\a0.25_sp0.2.wav
A,Method A — SDEdit (noise injection),noise_level,0.25,0.3,a0.25_sp0.3,95.0,0.1902,0.2561,670.04,12.256,C:\Users\User\Documents\MSc\Studies\New folder\results\extension_2\method_A\audio\a0.25_sp0.3.wav
A,Method A — SDEdit (noise injection),noise_level,0.25,0.4,a0.25_sp0.4,95.0,0.1722,0.2531,665.1,12.256,C:\Users\User\Documents\MSc\Studies\New folder\results\extension_2\method_A\audio\a0.25_sp0.4.wav
A,Method A — SDEdit (noise injection),noise_level,0.25,0.5,a0.25_sp0.5,95.0,0.1661,0.2597,659.88,12.256,C:\Users\User\Documents\MSc\Studies\New folder\results\extension_2\method_A\audio\a0.25_sp0.5.wav
A,Method A — SDEdit (noise injection),noise_level,0.25,0.6,a0.25_sp0.6,100.0,0.1624,0.2666,654.68,12.256,C:\Users\User\Documents\MSc\Studies\New folder\results\extension_2\method_A\audio\a0.25_sp0.6.wav
A,Method A — SDEdit (noise injection),noise_level,0.25,0.7,a0.25_sp0.7,100.0,0.1533,0.2705,651.21,12.256,C:\Users\User\Documents\MSc\Studies\New folder\results\extension_2\method_A\audio\a0.25_sp0.7.wav
A,Method A — SDEdit (noise injection),noise_level,0.25,0.8,a0.25_sp0.8,100.0,0.1521,0.2826,648.12,12.256,C:\Users\User\Documents\MSc\Studies\New folder\results\extension_2\method_A\audio\a0.25_sp0.8.wav
A,Method A — SDEdit (noise injection),noise_level,0.25,0.9,a0.25_sp0.9,100.0,0.1447,0.2882,645.41,12.256,C:\Users\User\Documents\MSc\Studies\New folder\results\extension_2\method_A\audio\a0.25_sp0.9.wav
A,Method A — SDEdit (noise injection),noise_level,0.25,1.0,a0.25_sp1.0,100.0,0.147,0.2975,643.3,12.256,C:\Users\User\Documents\MSc\Studies\New folder\results\extension_2\method_A\audio\a0.25_sp1.0.wav
A,Method A — SDEdit (noise injection),noise_level,0.3,-1.0,a0.30_sn1.0,95.0,0.3755,0.2925,717.8,12.256,C:\Users\User\Documents\MSc\Studies\New folder\results\extension_2\method_A\audio\a0.30_sn1.0.wav
A,Method A — SDEdit (noise injection),noise_level,0.3,-0.9,a0.30_sn0.9,100.0,0.3466,0.2605,714.68,12.256,C:\Users\User\Documents\MSc\Studies\New folder\results\extension_2\method_A\audio\a0.30_sn0.9.wav
A,Method A — SDEdit (noise injection),noise_level,0.3,-0.8,a0.30_sn0.8,100.0,0.3373,0.2509,709.79,12.256,C:\Users\User\Documents\MSc\Studies\New folder\results\extension_2\method_A\audio\a0.30_sn0.8.wav
A,Method A — SDEdit (noise injection),noise_level,0.3,-0.7,a0.30_sn0.7,100.0,0.3232,0.2522,708.14,12.256,C:\Users\User\Documents\MSc\Studies\New folder\results\extension_2\method_A\audio\a0.30_sn0.7.wav
A,Method A — SDEdit (noise injection),noise_level,0.3,-0.6,a0.30_sn0.6,100.0,0.3076,0.2444,703.73,12.256,C:\Users\User\Documents\MSc\Studies\New folder\results\extension_2\method_A\audio\a0.30_sn0.6.wav
A,Method A — SDEdit (noise injection),noise_level,0.3,-0.5,a0.30_sn0.5,100.0,0.3023,0.2473,701.38,12.256,C:\Users\User\Documents\MSc\Studies\New folder\results\extension_2\method_A\audio\a0.30_sn0.5.wav
A,Method A — SDEdit (noise injection),noise_level,0.3,-0.4,a0.30_sn0.4,100.0,0.2872,0.2439,698.95,12.256,C:\Users\User\Documents\MSc\Studies\New folder\results\extension_2\method_A\audio\a0.30_sn0.4.wav
A,Method A — SDEdit (noise injection),noise_level,0.3,-0.3,a0.30_sn0.3,100.0,0.2792,0.2485,695.78,12.256,C:\Users\User\Documents\MSc\Studies\New folder\results\extension_2\method_A\audio\a0.30_sn0.3.wav
A,Method A — SDEdit (noise injection),noise_level,0.3,-0.2,a0.30_sn0.2,100.0,0.2654,0.2523,692.08,12.256,C:\Users\User\Documents\MSc\Studies\New folder\results\extension_2\method_A\audio\a0.30_sn0.2.wav
A,Method A — SDEdit (noise injection),noise_level,0.3,-0.1,a0.30_sn0.1,100.0,0.2536,0.2557,687.98,12.256,C:\Users\User\Documents\MSc\Studies\New folder\results\extension_2\method_A\audio\a0.30_sn0.1.wav
A,Method A — SDEdit (noise injection),noise_level,0.3,-0.0,a0.30_sn0.0,100.0,0.2406,0.2593,683.77,12.256,C:\Users\User\Documents\MSc\Studies\New folder\results\extension_2\method_A\audio\a0.30_sn0.0.wav
A,Method A — SDEdit (noise injection),noise_level,0.3,0.1,a0.30_sp0.1,100.0,0.2193,0.2542,678.93,12.256,C:\Users\User\Documents\MSc\Studies\New folder\results\extension_2\method_A\audio\a0.30_sp0.1.wav
A,Method A — SDEdit (noise injection),noise_level,0.3,0.2,a0.30_sp0.2,100.0,0.1984,0.2492,674.31,12.256,C:\Users\User\Documents\MSc\Studies\New folder\results\extension_2\method_A\audio\a0.30_sp0.2.wav
A,Method A — SDEdit (noise injection),noise_level,0.3,0.3,a0.30_sp0.3,100.0,0.1773,0.2452,670.16,12.256,C:\Users\User\Documents\MSc\Studies\New folder\results\extension_2\method_A\audio\a0.30_sp0.3.wav
A,Method A — SDEdit (noise injection),noise_level,0.3,0.4,a0.30_sp0.4,100.0,0.1597,0.2391,665.15,12.256,C:\Users\User\Documents\MSc\Studies\New folder\results\extension_2\method_A\audio\a0.30_sp0.4.wav
A,Method A — SDEdit (noise injection),noise_level,0.3,0.5,a0.30_sp0.5,100.0,0.1577,0.2458,660.5,12.256,C:\Users\User\Documents\MSc\Studies\New folder\results\extension_2\method_A\audio\a0.30_sp0.5.wav
A,Method A — SDEdit (noise injection),noise_level,0.3,0.6,a0.30_sp0.6,100.0,0.1463,0.2467,655.62,12.256,C:\Users\User\Documents\MSc\Studies\New folder\results\extension_2\method_A\audio\a0.30_sp0.6.wav
A,Method A — SDEdit (noise injection),noise_level,0.3,0.7,a0.30_sp0.7,100.0,0.1429,0.2575,651.32,12.256,C:\Users\User\Documents\MSc\Studies\New folder\results\extension_2\method_A\audio\a0.30_sp0.7.wav
A,Method A — SDEdit (noise injection),noise_level,0.3,0.8,a0.30_sp0.8,100.0,0.1358,0.2596,647.39,12.256,C:\Users\User\Documents\MSc\Studies\New folder\results\extension_2\method_A\audio\a0.30_sp0.8.wav
A,Method A — SDEdit (noise injection),noise_level,0.3,0.9,a0.30_sp0.9,100.0,0.1331,0.2656,643.85,12.256,C:\Users\User\Documents\MSc\Studies\New folder\results\extension_2\method_A\audio\a0.30_sp0.9.wav
A,Method A — SDEdit (noise injection),noise_level,0.3,1.0,a0.30_sp1.0,100.0,0.1284,0.2691,640.95,12.256,C:\Users\User\Documents\MSc\Studies\New folder\results\extension_2\method_A\audio\a0.30_sp1.0.wav
A,Method A — SDEdit (noise injection),noise_level,0.35,-1.0,a0.35_sn1.0,100.0,0.3439,0.2425,711.21,12.256,C:\Users\User\Documents\MSc\Studies\New folder\results\extension_2\method_A\audio\a0.35_sn1.0.wav
A,Method A — SDEdit (noise injection),noise_level,0.35,-0.9,a0.35_sn0.9,100.0,0.3376,0.2397,708.41,12.256,C:\Users\User\Documents\MSc\Studies\New folder\results\extension_2\method_A\audio\a0.35_sn0.9.wav
A,Method A — SDEdit (noise injection),noise_level,0.35,-0.8,a0.35_sn0.8,100.0,0.3228,0.2337,706.2,12.256,C:\Users\User\Documents\MSc\Studies\New folder\results\extension_2\method_A\audio\a0.35_sn0.8.wav
A,Method A — SDEdit (noise injection),noise_level,0.35,-0.7,a0.35_sn0.7,100.0,0.3152,0.2333,703.74,12.256,C:\Users\User\Documents\MSc\Studies\New folder\results\extension_2\method_A\audio\a0.35_sn0.7.wav
A,Method A — SDEdit (noise injection),noise_level,0.35,-0.6,a0.35_sn0.6,100.0,0.3122,0.241,701.32,12.256,C:\Users\User\Documents\MSc\Studies\New folder\results\extension_2\method_A\audio\a0.35_sn0.6.wav
A,Method A — SDEdit (noise injection),noise_level,0.35,-0.5,a0.35_sn0.5,100.0,0.3074,0.2441,698.91,12.256,C:\Users\User\Documents\MSc\Studies\New folder\results\extension_2\method_A\audio\a0.35_sn0.5.wav
A,Method A — SDEdit (noise injection),noise_level,0.35,-0.4,a0.35_sn0.4,100.0,0.2965,0.2486,695.75,12.256,C:\Users\User\Documents\MSc\Studies\New folder\results\extension_2\method_A\audio\a0.35_sn0.4.wav
A,Method A — SDEdit (noise injection),noise_level,0.35,-0.3,a0.35_sn0.3,100.0,0.285,0.2477,692.7,12.256,C:\Users\User\Documents\MSc\Studies\New folder\results\extension_2\method_A\audio\a0.35_sn0.3.wav
A,Method A — SDEdit (noise injection),noise_level,0.35,-0.2,a0.35_sn0.2,100.0,0.2638,0.2454,689.68,12.256,C:\Users\User\Documents\MSc\Studies\New folder\results\extension_2\method_A\audio\a0.35_sn0.2.wav
A,Method A — SDEdit (noise injection),noise_level,0.35,-0.1,a0.35_sn0.1,100.0,0.2472,0.2469,685.74,12.256,C:\Users\User\Documents\MSc\Studies\New folder\results\extension_2\method_A\audio\a0.35_sn0.1.wav
A,Method A — SDEdit (noise injection),noise_level,0.35,-0.0,a0.35_sn0.0,100.0,0.2359,0.2511,682.16,12.256,C:\Users\User\Documents\MSc\Studies\New folder\results\extension_2\method_A\audio\a0.35_sn0.0.wav
A,Method A — SDEdit (noise injection),noise_level,0.35,0.1,a0.35_sp0.1,100.0,0.2229,0.2509,677.84,12.256,C:\Users\User\Documents\MSc\Studies\New folder\results\extension_2\method_A\audio\a0.35_sp0.1.wav
A,Method A — SDEdit (noise injection),noise_level,0.35,0.2,a0.35_sp0.2,100.0,0.1923,0.2411,673.44,12.256,C:\Users\User\Documents\MSc\Studies\New folder\results\extension_2\method_A\audio\a0.35_sp0.2.wav
A,Method A — SDEdit (noise injection),noise_level,0.35,0.3,a0.35_sp0.3,100.0,0.1797,0.2419,669.31,12.256,C:\Users\User\Documents\MSc\Studies\New folder\results\extension_2\method_A\audio\a0.35_sp0.3.wav
A,Method A — SDEdit (noise injection),noise_level,0.35,0.4,a0.35_sp0.4,100.0,0.1533,0.2321,664.92,12.256,C:\Users\User\Documents\MSc\Studies\New folder\results\extension_2\method_A\audio\a0.35_sp0.4.wav
A,Method A — SDEdit (noise injection),noise_level,0.35,0.5,a0.35_sp0.5,100.0,0.1413,0.2314,660.67,12.256,C:\Users\User\Documents\MSc\Studies\New folder\results\extension_2\method_A\audio\a0.35_sp0.5.wav
A,Method A — SDEdit (noise injection),noise_level,0.35,0.6,a0.35_sp0.6,100.0,0.1372,0.2348,656.56,12.256,C:\Users\User\Documents\MSc\Studies\New folder\results\extension_2\method_A\audio\a0.35_sp0.6.wav
A,Method A — SDEdit (noise injection),noise_level,0.35,0.7,a0.35_sp0.7,100.0,0.1341,0.2407,652.25,12.256,C:\Users\User\Documents\MSc\Studies\New folder\results\extension_2\method_A\audio\a0.35_sp0.7.wav
A,Method A — SDEdit (noise injection),noise_level,0.35,0.8,a0.35_sp0.8,100.0,0.1252,0.2452,647.73,12.256,C:\Users\User\Documents\MSc\Studies\New folder\results\extension_2\method_A\audio\a0.35_sp0.8.wav
A,Method A — SDEdit (noise injection),noise_level,0.35,0.9,a0.35_sp0.9,100.0,0.1198,0.2479,643.26,12.256,C:\Users\User\Documents\MSc\Studies\New folder\results\extension_2\method_A\audio\a0.35_sp0.9.wav
A,Method A — SDEdit (noise injection),noise_level,0.35,1.0,a0.35_sp1.0,100.0,0.1192,0.2561,639.69,12.256,C:\Users\User\Documents\MSc\Studies\New folder\results\extension_2\method_A\audio\a0.35_sp1.0.wav
A,Method A — SDEdit (noise injection),noise_level,0.4,-1.0,a0.40_sn1.0,100.0,0.3337,0.231,707.2,12.256,C:\Users\User\Documents\MSc\Studies\New folder\results\extension_2\method_A\audio\a0.40_sn1.0.wav
A,Method A — SDEdit (noise injection),noise_level,0.4,-0.9,a0.40_sn0.9,100.0,0.3286,0.2326,704.6,12.256,C:\Users\User\Documents\MSc\Studies\New folder\results\extension_2\method_A\audio\a0.40_sn0.9.wav
A,Method A — SDEdit (noise injection),noise_level,0.4,-0.8,a0.40_sn0.8,100.0,0.3209,0.2326,702.79,12.256,C:\Users\User\Documents\MSc\Studies\New folder\results\extension_2\method_A\audio\a0.40_sn0.8.wav
A,Method A — SDEdit (noise injection),noise_level,0.4,-0.7,a0.40_sn0.7,100.0,0.3167,0.2344,700.82,12.256,C:\Users\User\Documents\MSc\Studies\New folder\results\extension_2\method_A\audio\a0.40_sn0.7.wav
A,Method A — SDEdit (noise injection),noise_level,0.4,-0.6,a0.40_sn0.6,100.0,0.3142,0.237,698.49,12.256,C:\Users\User\Documents\MSc\Studies\New folder\results\extension_2\method_A\audio\a0.40_sn0.6.wav
A,Method A — SDEdit (noise injection),noise_level,0.4,-0.5,a0.40_sn0.5,100.0,0.3032,0.2354,696.23,12.256,C:\Users\User\Documents\MSc\Studies\New folder\results\extension_2\method_A\audio\a0.40_sn0.5.wav
A,Method A — SDEdit (noise injection),noise_level,0.4,-0.4,a0.40_sn0.4,100.0,0.2962,0.2393,693.39,12.256,C:\Users\User\Documents\MSc\Studies\New folder\results\extension_2\method_A\audio\a0.40_sn0.4.wav
A,Method A — SDEdit (noise injection),noise_level,0.4,-0.3,a0.40_sn0.3,100.0,0.278,0.2376,690.15,12.256,C:\Users\User\Documents\MSc\Studies\New folder\results\extension_2\method_A\audio\a0.40_sn0.3.wav
A,Method A — SDEdit (noise injection),noise_level,0.4,-0.2,a0.40_sn0.2,100.0,0.2654,0.2396,687.04,12.256,C:\Users\User\Documents\MSc\Studies\New folder\results\extension_2\method_A\audio\a0.40_sn0.2.wav
A,Method A — SDEdit (noise injection),noise_level,0.4,-0.1,a0.40_sn0.1,100.0,0.2556,0.2464,683.92,12.256,C:\Users\User\Documents\MSc\Studies\New folder\results\extension_2\method_A\audio\a0.40_sn0.1.wav
A,Method A — SDEdit (noise injection),noise_level,0.4,-0.0,a0.40_sn0.0,100.0,0.2375,0.2434,680.53,12.256,C:\Users\User\Documents\MSc\Studies\New folder\results\extension_2\method_A\audio\a0.40_sn0.0.wav
A,Method A — SDEdit (noise injection),noise_level,0.4,0.1,a0.40_sp0.1,100.0,0.2173,0.2408,676.77,12.256,C:\Users\User\Documents\MSc\Studies\New folder\results\extension_2\method_A\audio\a0.40_sp0.1.wav
A,Method A — SDEdit (noise injection),noise_level,0.4,0.2,a0.40_sp0.2,100.0,0.2036,0.2434,672.77,12.256,C:\Users\User\Documents\MSc\Studies\New folder\results\extension_2\method_A\audio\a0.40_sp0.2.wav
A,Method A — SDEdit (noise injection),noise_level,0.4,0.3,a0.40_sp0.3,100.0,0.1765,0.2342,668.64,12.256,C:\Users\User\Documents\MSc\Studies\New folder\results\extension_2\method_A\audio\a0.40_sp0.3.wav
A,Method A — SDEdit (noise injection),noise_level,0.4,0.4,a0.40_sp0.4,100.0,0.1626,0.2315,664.72,12.256,C:\Users\User\Documents\MSc\Studies\New folder\results\extension_2\method_A\audio\a0.40_sp0.4.wav
A,Method A — SDEdit (noise injection),noise_level,0.4,0.5,a0.40_sp0.5,100.0,0.1467,0.2287,660.9,12.256,C:\Users\User\Documents\MSc\Studies\New folder\results\extension_2\method_A\audio\a0.40_sp0.5.wav
A,Method A — SDEdit (noise injection),noise_level,0.4,0.6,a0.40_sp0.6,100.0,0.1339,0.2271,656.6,12.256,C:\Users\User\Documents\MSc\Studies\New folder\results\extension_2\method_A\audio\a0.40_sp0.6.wav
A,Method A — SDEdit (noise injection),noise_level,0.4,0.7,a0.40_sp0.7,100.0,0.118,0.2243,652.76,12.256,C:\Users\User\Documents\MSc\Studies\New folder\results\extension_2\method_A\audio\a0.40_sp0.7.wav
A,Method A — SDEdit (noise injection),noise_level,0.4,0.8,a0.40_sp0.8,100.0,0.115,0.2273,648.51,12.256,C:\Users\User\Documents\MSc\Studies\New folder\results\extension_2\method_A\audio\a0.40_sp0.8.wav
A,Method A — SDEdit (noise injection),noise_level,0.4,0.9,a0.40_sp0.9,100.0,0.1121,0.2316,644.29,12.256,C:\Users\User\Documents\MSc\Studies\New folder\results\extension_2\method_A\audio\a0.40_sp0.9.wav
A,Method A — SDEdit (noise injection),noise_level,0.4,1.0,a0.40_sp1.0,100.0,0.1167,0.2422,640.24,12.256,C:\Users\User\Documents\MSc\Studies\New folder\results\extension_2\method_A\audio\a0.40_sp1.0.wav
A,Method A — SDEdit (noise injection),noise_level,0.45,-1.0,a0.45_sn1.0,100.0,0.3287,0.2272,704.22,12.256,C:\Users\User\Documents\MSc\Studies\New folder\results\extension_2\method_A\audio\a0.45_sn1.0.wav
A,Method A — SDEdit (noise injection),noise_level,0.45,-0.9,a0.45_sn0.9,100.0,0.3268,0.2301,701.67,12.256,C:\Users\User\Documents\MSc\Studies\New folder\results\extension_2\method_A\audio\a0.45_sn0.9.wav
A,Method A — SDEdit (noise injection),noise_level,0.45,-0.8,a0.45_sn0.8,100.0,0.3225,0.2305,699.89,12.256,C:\Users\User\Documents\MSc\Studies\New folder\results\extension_2\method_A\audio\a0.45_sn0.8.wav
A,Method A — SDEdit (noise injection),noise_level,0.45,-0.7,a0.45_sn0.7,100.0,0.3155,0.2301,697.78,12.256,C:\Users\User\Documents\MSc\Studies\New folder\results\extension_2\method_A\audio\a0.45_sn0.7.wav
A,Method A — SDEdit (noise injection),noise_level,0.45,-0.6,a0.45_sn0.6,100.0,0.312,0.2347,696.03,12.256,C:\Users\User\Documents\MSc\Studies\New folder\results\extension_2\method_A\audio\a0.45_sn0.6.wav
A,Method A — SDEdit (noise injection),noise_level,0.45,-0.5,a0.45_sn0.5,100.0,0.304,0.2342,693.92,12.256,C:\Users\User\Documents\MSc\Studies\New folder\results\extension_2\method_A\audio\a0.45_sn0.5.wav
A,Method A — SDEdit (noise injection),noise_level,0.45,-0.4,a0.45_sn0.4,100.0,0.2921,0.2356,690.44,12.256,C:\Users\User\Documents\MSc\Studies\New folder\results\extension_2\method_A\audio\a0.45_sn0.4.wav
A,Method A — SDEdit (noise injection),noise_level,0.45,-0.3,a0.45_sn0.3,100.0,0.2765,0.2317,687.66,12.256,C:\Users\User\Documents\MSc\Studies\New folder\results\extension_2\method_A\audio\a0.45_sn0.3.wav
A,Method A — SDEdit (noise injection),noise_level,0.45,-0.2,a0.45_sn0.2,100.0,0.2667,0.2365,684.43,12.256,C:\Users\User\Documents\MSc\Studies\New folder\results\extension_2\method_A\audio\a0.45_sn0.2.wav
A,Method A — SDEdit (noise injection),noise_level,0.45,-0.1,a0.45_sn0.1,100.0,0.2626,0.2461,681.44,12.256,C:\Users\User\Documents\MSc\Studies\New folder\results\extension_2\method_A\audio\a0.45_sn0.1.wav
A,Method A — SDEdit (noise injection),noise_level,0.45,-0.0,a0.45_sn0.0,100.0,0.2429,0.2449,678.94,12.256,C:\Users\User\Documents\MSc\Studies\New folder\results\extension_2\method_A\audio\a0.45_sn0.0.wav
A,Method A — SDEdit (noise injection),noise_level,0.45,0.1,a0.45_sp0.1,100.0,0.2251,0.2438,675.75,12.256,C:\Users\User\Documents\MSc\Studies\New folder\results\extension_2\method_A\audio\a0.45_sp0.1.wav
A,Method A — SDEdit (noise injection),noise_level,0.45,0.2,a0.45_sp0.2,100.0,0.2019,0.2388,672.51,12.256,C:\Users\User\Documents\MSc\Studies\New folder\results\extension_2\method_A\audio\a0.45_sp0.2.wav
A,Method A — SDEdit (noise injection),noise_level,0.45,0.3,a0.45_sp0.3,100.0,0.1923,0.2416,668.84,12.256,C:\Users\User\Documents\MSc\Studies\New folder\results\extension_2\method_A\audio\a0.45_sp0.3.wav
A,Method A — SDEdit (noise injection),noise_level,0.45,0.4,a0.45_sp0.4,100.0,0.1682,0.2335,665.09,12.256,C:\Users\User\Documents\MSc\Studies\New folder\results\extension_2\method_A\audio\a0.45_sp0.4.wav
A,Method A — SDEdit (noise injection),noise_level,0.45,0.5,a0.45_sp0.5,100.0,0.1479,0.2263,661.11,12.256,C:\Users\User\Documents\MSc\Studies\New folder\results\extension_2\method_A\audio\a0.45_sp0.5.wav
A,Method A — SDEdit (noise injection),noise_level,0.45,0.6,a0.45_sp0.6,100.0,0.1296,0.2217,657.25,12.256,C:\Users\User\Documents\MSc\Studies\New folder\results\extension_2\method_A\audio\a0.45_sp0.6.wav
A,Method A — SDEdit (noise injection),noise_level,0.45,0.7,a0.45_sp0.7,100.0,0.1205,0.2212,653.28,12.256,C:\Users\User\Documents\MSc\Studies\New folder\results\extension_2\method_A\audio\a0.45_sp0.7.wav
A,Method A — SDEdit (noise injection),noise_level,0.45,0.8,a0.45_sp0.8,100.0,0.1297,0.232,649.0,12.256,C:\Users\User\Documents\MSc\Studies\New folder\results\extension_2\method_A\audio\a0.45_sp0.8.wav
A,Method A — SDEdit (noise injection),noise_level,0.45,0.9,a0.45_sp0.9,100.0,0.1128,0.2257,644.95,12.256,C:\Users\User\Documents\MSc\Studies\New folder\results\extension_2\method_A\audio\a0.45_sp0.9.wav
A,Method A — SDEdit (noise injection),noise_level,0.45,1.0,a0.45_sp1.0,100.0,0.1152,0.233,641.15,12.256,C:\Users\User\Documents\MSc\Studies\New folder\results\extension_2\method_A\audio\a0.45_sp1.0.wav
A,Method A — SDEdit (noise injection),noise_level,0.5,-1.0,a0.50_sn1.0,100.0,0.3266,0.2251,700.34,12.256,C:\Users\User\Documents\MSc\Studies\New folder\results\extension_2\method_A\audio\a0.50_sn1.0.wav
A,Method A — SDEdit (noise injection),noise_level,0.5,-0.9,a0.50_sn0.9,100.0,0.3256,0.2298,698.2,12.256,C:\Users\User\Documents\MSc\Studies\New folder\results\extension_2\method_A\audio\a0.50_sn0.9.wav
A,Method A — SDEdit (noise injection),noise_level,0.5,-0.8,a0.50_sn0.8,100.0,0.3194,0.2282,696.61,12.256,C:\Users\User\Documents\MSc\Studies\New folder\results\extension_2\method_A\audio\a0.50_sn0.8.wav
A,Method A — SDEdit (noise injection),noise_level,0.5,-0.7,a0.50_sn0.7,100.0,0.3109,0.2248,693.85,12.256,C:\Users\User\Documents\MSc\Studies\New folder\results\extension_2\method_A\audio\a0.50_sn0.7.wav
A,Method A — SDEdit (noise injection),noise_level,0.5,-0.6,a0.50_sn0.6,100.0,0.3038,0.2281,693.17,12.256,C:\Users\User\Documents\MSc\Studies\New folder\results\extension_2\method_A\audio\a0.50_sn0.6.wav
A,Method A — SDEdit (noise injection),noise_level,0.5,-0.5,a0.50_sn0.5,100.0,0.2955,0.23,690.47,12.256,C:\Users\User\Documents\MSc\Studies\New folder\results\extension_2\method_A\audio\a0.50_sn0.5.wav
A,Method A — SDEdit (noise injection),noise_level,0.5,-0.4,a0.50_sn0.4,100.0,0.2881,0.233,687.86,12.256,C:\Users\User\Documents\MSc\Studies\New folder\results\extension_2\method_A\audio\a0.50_sn0.4.wav
A,Method A — SDEdit (noise injection),noise_level,0.5,-0.3,a0.50_sn0.3,100.0,0.2824,0.2356,685.33,12.256,C:\Users\User\Documents\MSc\Studies\New folder\results\extension_2\method_A\audio\a0.50_sn0.3.wav
A,Method A — SDEdit (noise injection),noise_level,0.5,-0.2,a0.50_sn0.2,100.0,0.2716,0.2402,682.95,12.256,C:\Users\User\Documents\MSc\Studies\New folder\results\extension_2\method_A\audio\a0.50_sn0.2.wav
A,Method A — SDEdit (noise injection),noise_level,0.5,-0.1,a0.50_sn0.1,100.0,0.2595,0.242,680.47,12.256,C:\Users\User\Documents\MSc\Studies\New folder\results\extension_2\method_A\audio\a0.50_sn0.1.wav
A,Method A — SDEdit (noise injection),noise_level,0.5,-0.0,a0.50_sn0.0,100.0,0.2479,0.2426,677.82,12.256,C:\Users\User\Documents\MSc\Studies\New folder\results\extension_2\method_A\audio\a0.50_sn0.0.wav
A,Method A — SDEdit (noise injection),noise_level,0.5,0.1,a0.50_sp0.1,100.0,0.2313,0.2423,675.26,12.256,C:\Users\User\Documents\MSc\Studies\New folder\results\extension_2\method_A\audio\a0.50_sp0.1.wav
A,Method A — SDEdit (noise injection),noise_level,0.5,0.2,a0.50_sp0.2,100.0,0.2196,0.2458,672.0,12.256,C:\Users\User\Documents\MSc\Studies\New folder\results\extension_2\method_A\audio\a0.50_sp0.2.wav
A,Method A — SDEdit (noise injection),noise_level,0.5,0.3,a0.50_sp0.3,100.0,0.1963,0.2387,668.54,12.256,C:\Users\User\Documents\MSc\Studies\New folder\results\extension_2\method_A\audio\a0.50_sp0.3.wav
A,Method A — SDEdit (noise injection),noise_level,0.5,0.4,a0.50_sp0.4,100.0,0.1714,0.2287,665.19,12.256,C:\Users\User\Documents\MSc\Studies\New folder\results\extension_2\method_A\audio\a0.50_sp0.4.wav
A,Method A — SDEdit (noise injection),noise_level,0.5,0.5,a0.50_sp0.5,100.0,0.1491,0.2196,661.46,12.256,C:\Users\User\Documents\MSc\Studies\New folder\results\extension_2\method_A\audio\a0.50_sp0.5.wav
A,Method A — SDEdit (noise injection),noise_level,0.5,0.6,a0.50_sp0.6,100.0,0.1386,0.2207,658.05,12.256,C:\Users\User\Documents\MSc\Studies\New folder\results\extension_2\method_A\audio\a0.50_sp0.6.wav
A,Method A — SDEdit (noise injection),noise_level,0.5,0.7,a0.50_sp0.7,100.0,0.129,0.2174,654.69,12.256,C:\Users\User\Documents\MSc\Studies\New folder\results\extension_2\method_A\audio\a0.50_sp0.7.wav
A,Method A — SDEdit (noise injection),noise_level,0.5,0.8,a0.50_sp0.8,100.0,0.1249,0.2209,651.08,12.256,C:\Users\User\Documents\MSc\Studies\New folder\results\extension_2\method_A\audio\a0.50_sp0.8.wav
A,Method A — SDEdit (noise injection),noise_level,0.5,0.9,a0.50_sp0.9,100.0,0.1173,0.2212,647.36,12.256,C:\Users\User\Documents\MSc\Studies\New folder\results\extension_2\method_A\audio\a0.50_sp0.9.wav
A,Method A — SDEdit (noise injection),noise_level,0.5,1.0,a0.50_sp1.0,100.0,0.105,0.2168,643.46,12.256,C:\Users\User\Documents\MSc\Studies\New folder\results\extension_2\method_A\audio\a0.50_sp1.0.wav
A,Method A — SDEdit (noise injection),noise_level,0.55,-1.0,a0.55_sn1.0,100.0,0.3285,0.2303,697.13,12.256,C:\Users\User\Documents\MSc\Studies\New folder\results\extension_2\method_A\audio\a0.55_sn1.0.wav
A,Method A — SDEdit (noise injection),noise_level,0.55,-0.9,a0.55_sn0.9,100.0,0.3213,0.2291,695.18,12.256,C:\Users\User\Documents\MSc\Studies\New folder\results\extension_2\method_A\audio\a0.55_sn0.9.wav
A,Method A — SDEdit (noise injection),noise_level,0.55,-0.8,a0.55_sn0.8,100.0,0.3111,0.2281,693.75,12.256,C:\Users\User\Documents\MSc\Studies\New folder\results\extension_2\method_A\audio\a0.55_sn0.8.wav
A,Method A — SDEdit (noise injection),noise_level,0.55,-0.7,a0.55_sn0.7,100.0,0.3115,0.2342,691.96,12.256,C:\Users\User\Documents\MSc\Studies\New folder\results\extension_2\method_A\audio\a0.55_sn0.7.wav
A,Method A — SDEdit (noise injection),noise_level,0.55,-0.6,a0.55_sn0.6,100.0,0.3056,0.2352,690.15,12.256,C:\Users\User\Documents\MSc\Studies\New folder\results\extension_2\method_A\audio\a0.55_sn0.6.wav
A,Method A — SDEdit (noise injection),noise_level,0.55,-0.5,a0.55_sn0.5,100.0,0.2932,0.2306,688.05,12.256,C:\Users\User\Documents\MSc\Studies\New folder\results\extension_2\method_A\audio\a0.55_sn0.5.wav
A,Method A — SDEdit (noise injection),noise_level,0.55,-0.4,a0.55_sn0.4,100.0,0.281,0.2283,686.18,12.256,C:\Users\User\Documents\MSc\Studies\New folder\results\extension_2\method_A\audio\a0.55_sn0.4.wav
A,Method A — SDEdit (noise injection),noise_level,0.55,-0.3,a0.55_sn0.3,100.0,0.2724,0.2285,684.05,12.256,C:\Users\User\Documents\MSc\Studies\New folder\results\extension_2\method_A\audio\a0.55_sn0.3.wav
A,Method A — SDEdit (noise injection),noise_level,0.55,-0.2,a0.55_sn0.2,100.0,0.2667,0.2333,681.61,12.256,C:\Users\User\Documents\MSc\Studies\New folder\results\extension_2\method_A\audio\a0.55_sn0.2.wav
A,Method A — SDEdit (noise injection),noise_level,0.55,-0.1,a0.55_sn0.1,100.0,0.2559,0.2358,679.44,12.256,C:\Users\User\Documents\MSc\Studies\New folder\results\extension_2\method_A\audio\a0.55_sn0.1.wav
A,Method A — SDEdit (noise injection),noise_level,0.55,-0.0,a0.55_sn0.0,100.0,0.244,0.2359,677.07,12.256,C:\Users\User\Documents\MSc\Studies\New folder\results\extension_2\method_A\audio\a0.55_sn0.0.wav
A,Method A — SDEdit (noise injection),noise_level,0.55,0.1,a0.55_sp0.1,100.0,0.235,0.2397,674.61,12.256,C:\Users\User\Documents\MSc\Studies\New folder\results\extension_2\method_A\audio\a0.55_sp0.1.wav
A,Method A — SDEdit (noise injection),noise_level,0.55,0.2,a0.55_sp0.2,100.0,0.2188,0.2368,672.07,12.256,C:\Users\User\Documents\MSc\Studies\New folder\results\extension_2\method_A\audio\a0.55_sp0.2.wav
A,Method A — SDEdit (noise injection),noise_level,0.55,0.3,a0.55_sp0.3,100.0,0.2008,0.233,669.1,12.256,C:\Users\User\Documents\MSc\Studies\New folder\results\extension_2\method_A\audio\a0.55_sp0.3.wav
A,Method A — SDEdit (noise injection),noise_level,0.55,0.4,a0.55_sp0.4,100.0,0.181,0.2282,665.95,12.256,C:\Users\User\Documents\MSc\Studies\New folder\results\extension_2\method_A\audio\a0.55_sp0.4.wav
A,Method A — SDEdit (noise injection),noise_level,0.55,0.5,a0.55_sp0.5,100.0,0.1599,0.2211,662.74,12.256,C:\Users\User\Documents\MSc\Studies\New folder\results\extension_2\method_A\audio\a0.55_sp0.5.wav
A,Method A — SDEdit (noise injection),noise_level,0.55,0.6,a0.55_sp0.6,100.0,0.1471,0.218,660.06,12.256,C:\Users\User\Documents\MSc\Studies\New folder\results\extension_2\method_A\audio\a0.55_sp0.6.wav
A,Method A — SDEdit (noise injection),noise_level,0.55,0.7,a0.55_sp0.7,100.0,0.1337,0.2144,656.69,12.256,C:\Users\User\Documents\MSc\Studies\New folder\results\extension_2\method_A\audio\a0.55_sp0.7.wav
A,Method A — SDEdit (noise injection),noise_level,0.55,0.8,a0.55_sp0.8,100.0,0.1219,0.211,653.22,12.256,C:\Users\User\Documents\MSc\Studies\New folder\results\extension_2\method_A\audio\a0.55_sp0.8.wav
A,Method A — SDEdit (noise injection),noise_level,0.55,0.9,a0.55_sp0.9,100.0,0.1154,0.2102,649.97,12.256,C:\Users\User\Documents\MSc\Studies\New folder\results\extension_2\method_A\audio\a0.55_sp0.9.wav
A,Method A — SDEdit (noise injection),noise_level,0.55,1.0,a0.55_sp1.0,100.0,0.1092,0.2101,647.08,12.256,C:\Users\User\Documents\MSc\Studies\New folder\results\extension_2\method_A\audio\a0.55_sp1.0.wav
A,Method A — SDEdit (noise injection),noise_level,0.6,-1.0,a0.60_sn1.0,100.0,0.3239,0.2342,693.98,12.256,C:\Users\User\Documents\MSc\Studies\New folder\results\extension_2\method_A\audio\a0.60_sn1.0.wav
A,Method A — SDEdit (noise injection),noise_level,0.6,-0.9,a0.60_sn0.9,100.0,0.3183,0.2336,692.5,12.256,C:\Users\User\Documents\MSc\Studies\New folder\results\extension_2\method_A\audio\a0.60_sn0.9.wav
A,Method A — SDEdit (noise injection),noise_level,0.6,-0.8,a0.60_sn0.8,100.0,0.3128,0.2327,691.23,12.256,C:\Users\User\Documents\MSc\Studies\New folder\results\extension_2\method_A\audio\a0.60_sn0.8.wav
A,Method A — SDEdit (noise injection),noise_level,0.6,-0.7,a0.60_sn0.7,100.0,0.3043,0.2317,689.42,12.256,C:\Users\User\Documents\MSc\Studies\New folder\results\extension_2\method_A\audio\a0.60_sn0.7.wav
A,Method A — SDEdit (noise injection),noise_level,0.6,-0.6,a0.60_sn0.6,100.0,0.299,0.2321,687.51,12.256,C:\Users\User\Documents\MSc\Studies\New folder\results\extension_2\method_A\audio\a0.60_sn0.6.wav
A,Method A — SDEdit (noise injection),noise_level,0.6,-0.5,a0.60_sn0.5,100.0,0.2896,0.2316,686.7,12.256,C:\Users\User\Documents\MSc\Studies\New folder\results\extension_2\method_A\audio\a0.60_sn0.5.wav
A,Method A — SDEdit (noise injection),noise_level,0.6,-0.4,a0.60_sn0.4,100.0,0.2797,0.2301,684.38,12.256,C:\Users\User\Documents\MSc\Studies\New folder\results\extension_2\method_A\audio\a0.60_sn0.4.wav
A,Method A — SDEdit (noise injection),noise_level,0.6,-0.3,a0.60_sn0.3,100.0,0.2684,0.2264,682.73,12.256,C:\Users\User\Documents\MSc\Studies\New folder\results\extension_2\method_A\audio\a0.60_sn0.3.wav
A,Method A — SDEdit (noise injection),noise_level,0.6,-0.2,a0.60_sn0.2,100.0,0.2624,0.2294,680.63,12.256,C:\Users\User\Documents\MSc\Studies\New folder\results\extension_2\method_A\audio\a0.60_sn0.2.wav
A,Method A — SDEdit (noise injection),noise_level,0.6,-0.1,a0.60_sn0.1,100.0,0.2518,0.2293,678.45,12.256,C:\Users\User\Documents\MSc\Studies\New folder\results\extension_2\method_A\audio\a0.60_sn0.1.wav
A,Method A — SDEdit (noise injection),noise_level,0.6,-0.0,a0.60_sn0.0,100.0,0.2442,0.2301,676.41,12.256,C:\Users\User\Documents\MSc\Studies\New folder\results\extension_2\method_A\audio\a0.60_sn0.0.wav
A,Method A — SDEdit (noise injection),noise_level,0.6,0.1,a0.60_sp0.1,100.0,0.2361,0.2335,674.13,12.256,C:\Users\User\Documents\MSc\Studies\New folder\results\extension_2\method_A\audio\a0.60_sp0.1.wav
A,Method A — SDEdit (noise injection),noise_level,0.6,0.2,a0.60_sp0.2,100.0,0.2222,0.2325,671.82,12.256,C:\Users\User\Documents\MSc\Studies\New folder\results\extension_2\method_A\audio\a0.60_sp0.2.wav
A,Method A — SDEdit (noise injection),noise_level,0.6,0.3,a0.60_sp0.3,100.0,0.2084,0.2326,669.17,12.256,C:\Users\User\Documents\MSc\Studies\New folder\results\extension_2\method_A\audio\a0.60_sp0.3.wav
A,Method A — SDEdit (noise injection),noise_level,0.6,0.4,a0.60_sp0.4,100.0,0.1907,0.2284,666.56,12.256,C:\Users\User\Documents\MSc\Studies\New folder\results\extension_2\method_A\audio\a0.60_sp0.4.wav
A,Method A — SDEdit (noise injection),noise_level,0.6,0.5,a0.60_sp0.5,100.0,0.1752,0.2245,664.18,12.256,C:\Users\User\Documents\MSc\Studies\New folder\results\extension_2\method_A\audio\a0.60_sp0.5.wav
A,Method A — SDEdit (noise injection),noise_level,0.6,0.6,a0.60_sp0.6,100.0,0.1569,0.2179,661.47,12.256,C:\Users\User\Documents\MSc\Studies\New folder\results\extension_2\method_A\audio\a0.60_sp0.6.wav
A,Method A — SDEdit (noise injection),noise_level,0.6,0.7,a0.60_sp0.7,100.0,0.148,0.2173,658.92,12.256,C:\Users\User\Documents\MSc\Studies\New folder\results\extension_2\method_A\audio\a0.60_sp0.7.wav
A,Method A — SDEdit (noise injection),noise_level,0.6,0.8,a0.60_sp0.8,100.0,0.1332,0.2096,656.35,12.256,C:\Users\User\Documents\MSc\Studies\New folder\results\extension_2\method_A\audio\a0.60_sp0.8.wav
A,Method A — SDEdit (noise injection),noise_level,0.6,0.9,a0.60_sp0.9,100.0,0.1221,0.2062,653.55,12.256,C:\Users\User\Documents\MSc\Studies\New folder\results\extension_2\method_A\audio\a0.60_sp0.9.wav
A,Method A — SDEdit (noise injection),noise_level,0.6,1.0,a0.60_sp1.0,100.0,0.1143,0.2052,650.74,12.256,C:\Users\User\Documents\MSc\Studies\New folder\results\extension_2\method_A\audio\a0.60_sp1.0.wav
A,Method A — SDEdit (noise injection),noise_level,0.65,-1.0,a0.65_sn1.0,100.0,0.3155,0.2308,691.51,12.256,C:\Users\User\Documents\MSc\Studies\New folder\results\extension_2\method_A\audio\a0.65_sn1.0.wav
A,Method A — SDEdit (noise injection),noise_level,0.65,-0.9,a0.65_sn0.9,100.0,0.3108,0.2298,690.63,12.256,C:\Users\User\Documents\MSc\Studies\New folder\results\extension_2\method_A\audio\a0.65_sn0.9.wav
A,Method A — SDEdit (noise injection),noise_level,0.65,-0.8,a0.65_sn0.8,100.0,0.3014,0.2288,688.85,12.256,C:\Users\User\Documents\MSc\Studies\New folder\results\extension_2\method_A\audio\a0.65_sn0.8.wav
A,Method A — SDEdit (noise injection),noise_level,0.65,-0.7,a0.65_sn0.7,100.0,0.294,0.2272,687.46,12.256,C:\Users\User\Documents\MSc\Studies\New folder\results\extension_2\method_A\audio\a0.65_sn0.7.wav
A,Method A — SDEdit (noise injection),noise_level,0.65,-0.6,a0.65_sn0.6,100.0,0.2855,0.2244,685.46,12.256,C:\Users\User\Documents\MSc\Studies\New folder\results\extension_2\method_A\audio\a0.65_sn0.6.wav
A,Method A — SDEdit (noise injection),noise_level,0.65,-0.5,a0.65_sn0.5,100.0,0.2782,0.2229,684.4,12.256,C:\Users\User\Documents\MSc\Studies\New folder\results\extension_2\method_A\audio\a0.65_sn0.5.wav
A,Method A — SDEdit (noise injection),noise_level,0.65,-0.4,a0.65_sn0.4,100.0,0.2725,0.2236,683.13,12.256,C:\Users\User\Documents\MSc\Studies\New folder\results\extension_2\method_A\audio\a0.65_sn0.4.wav
A,Method A — SDEdit (noise injection),noise_level,0.65,-0.3,a0.65_sn0.3,100.0,0.2748,0.232,681.22,12.256,C:\Users\User\Documents\MSc\Studies\New folder\results\extension_2\method_A\audio\a0.65_sn0.3.wav
A,Method A — SDEdit (noise injection),noise_level,0.65,-0.2,a0.65_sn0.2,100.0,0.2595,0.2257,679.2,12.256,C:\Users\User\Documents\MSc\Studies\New folder\results\extension_2\method_A\audio\a0.65_sn0.2.wav
A,Method A — SDEdit (noise injection),noise_level,0.65,-0.1,a0.65_sn0.1,100.0,0.2518,0.2245,677.39,12.256,C:\Users\User\Documents\MSc\Studies\New folder\results\extension_2\method_A\audio\a0.65_sn0.1.wav
A,Method A — SDEdit (noise injection),noise_level,0.65,-0.0,a0.65_sn0.0,100.0,0.2466,0.227,675.41,12.256,C:\Users\User\Documents\MSc\Studies\New folder\results\extension_2\method_A\audio\a0.65_sn0.0.wav
A,Method A — SDEdit (noise injection),noise_level,0.65,0.1,a0.65_sp0.1,100.0,0.2377,0.2296,673.77,12.256,C:\Users\User\Documents\MSc\Studies\New folder\results\extension_2\method_A\audio\a0.65_sp0.1.wav
A,Method A — SDEdit (noise injection),noise_level,0.65,0.2,a0.65_sp0.2,100.0,0.2263,0.2297,671.75,12.256,C:\Users\User\Documents\MSc\Studies\New folder\results\extension_2\method_A\audio\a0.65_sp0.2.wav
A,Method A — SDEdit (noise injection),noise_level,0.65,0.3,a0.65_sp0.3,100.0,0.2151,0.2302,669.65,12.256,C:\Users\User\Documents\MSc\Studies\New folder\results\extension_2\method_A\audio\a0.65_sp0.3.wav
A,Method A — SDEdit (noise injection),noise_level,0.65,0.4,a0.65_sp0.4,560.0,0.2018,0.2284,667.74,12.256,C:\Users\User\Documents\MSc\Studies\New folder\results\extension_2\method_A\audio\a0.65_sp0.4.wav
A,Method A — SDEdit (noise injection),noise_level,0.65,0.5,a0.65_sp0.5,100.0,0.1911,0.2274,665.54,12.256,C:\Users\User\Documents\MSc\Studies\New folder\results\extension_2\method_A\audio\a0.65_sp0.5.wav
A,Method A — SDEdit (noise injection),noise_level,0.65,0.6,a0.65_sp0.6,100.0,0.1745,0.2221,663.58,12.256,C:\Users\User\Documents\MSc\Studies\New folder\results\extension_2\method_A\audio\a0.65_sp0.6.wav
A,Method A — SDEdit (noise injection),noise_level,0.65,0.7,a0.65_sp0.7,100.0,0.1581,0.2158,661.56,12.256,C:\Users\User\Documents\MSc\Studies\New folder\results\extension_2\method_A\audio\a0.65_sp0.7.wav
A,Method A — SDEdit (noise injection),noise_level,0.65,0.8,a0.65_sp0.8,100.0,0.1483,0.2135,659.24,12.256,C:\Users\User\Documents\MSc\Studies\New folder\results\extension_2\method_A\audio\a0.65_sp0.8.wav
A,Method A — SDEdit (noise injection),noise_level,0.65,0.9,a0.65_sp0.9,100.0,0.1346,0.2069,656.81,12.256,C:\Users\User\Documents\MSc\Studies\New folder\results\extension_2\method_A\audio\a0.65_sp0.9.wav
A,Method A — SDEdit (noise injection),noise_level,0.65,1.0,a0.65_sp1.0,100.0,0.1285,0.2056,654.31,12.256,C:\Users\User\Documents\MSc\Studies\New folder\results\extension_2\method_A\audio\a0.65_sp1.0.wav
A,Method A — SDEdit (noise injection),noise_level,0.7,-1.0,a0.70_sn1.0,100.0,0.3093,0.2306,690.33,12.256,C:\Users\User\Documents\MSc\Studies\New folder\results\extension_2\method_A\audio\a0.70_sn1.0.wav
A,Method A — SDEdit (noise injection),noise_level,0.7,-0.9,a0.70_sn0.9,100.0,0.3021,0.2283,688.08,12.256,C:\Users\User\Documents\MSc\Studies\New folder\results\extension_2\method_A\audio\a0.70_sn0.9.wav
A,Method A — SDEdit (noise injection),noise_level,0.7,-0.8,a0.70_sn0.8,100.0,0.292,0.2233,686.67,12.256,C:\Users\User\Documents\MSc\Studies\New folder\results\extension_2\method_A\audio\a0.70_sn0.8.wav
A,Method A — SDEdit (noise injection),noise_level,0.7,-0.7,a0.70_sn0.7,100.0,0.2863,0.2218,685.01,12.256,C:\Users\User\Documents\MSc\Studies\New folder\results\extension_2\method_A\audio\a0.70_sn0.7.wav
A,Method A — SDEdit (noise injection),noise_level,0.7,-0.6,a0.70_sn0.6,100.0,0.2829,0.2232,684.11,12.256,C:\Users\User\Documents\MSc\Studies\New folder\results\extension_2\method_A\audio\a0.70_sn0.6.wav
A,Method A — SDEdit (noise injection),noise_level,0.7,-0.5,a0.70_sn0.5,100.0,0.2741,0.2214,682.4,12.256,C:\Users\User\Documents\MSc\Studies\New folder\results\extension_2\method_A\audio\a0.70_sn0.5.wav
A,Method A — SDEdit (noise injection),noise_level,0.7,-0.4,a0.70_sn0.4,100.0,0.2675,0.2224,681.45,12.256,C:\Users\User\Documents\MSc\Studies\New folder\results\extension_2\method_A\audio\a0.70_sn0.4.wav
A,Method A — SDEdit (noise injection),noise_level,0.7,-0.3,a0.70_sn0.3,100.0,0.2707,0.2282,679.95,12.256,C:\Users\User\Documents\MSc\Studies\New folder\results\extension_2\method_A\audio\a0.70_sn0.3.wav
A,Method A — SDEdit (noise injection),noise_level,0.7,-0.2,a0.70_sn0.2,100.0,0.2575,0.2212,678.26,12.256,C:\Users\User\Documents\MSc\Studies\New folder\results\extension_2\method_A\audio\a0.70_sn0.2.wav
A,Method A — SDEdit (noise injection),noise_level,0.7,-0.1,a0.70_sn0.1,100.0,0.2572,0.2271,676.35,12.256,C:\Users\User\Documents\MSc\Studies\New folder\results\extension_2\method_A\audio\a0.70_sn0.1.wav
A,Method A — SDEdit (noise injection),noise_level,0.7,-0.0,a0.70_sn0.0,100.0,0.2525,0.2309,675.06,12.256,C:\Users\User\Documents\MSc\Studies\New folder\results\extension_2\method_A\audio\a0.70_sn0.0.wav
A,Method A — SDEdit (noise injection),noise_level,0.7,0.1,a0.70_sp0.1,100.0,0.2412,0.23,673.07,12.256,C:\Users\User\Documents\MSc\Studies\New folder\results\extension_2\method_A\audio\a0.70_sp0.1.wav
A,Method A — SDEdit (noise injection),noise_level,0.7,0.2,a0.70_sp0.2,560.0,0.2284,0.2255,671.92,12.256,C:\Users\User\Documents\MSc\Studies\New folder\results\extension_2\method_A\audio\a0.70_sp0.2.wav
A,Method A — SDEdit (noise injection),noise_level,0.7,0.3,a0.70_sp0.3,560.0,0.2193,0.2256,670.4,12.256,C:\Users\User\Documents\MSc\Studies\New folder\results\extension_2\method_A\audio\a0.70_sp0.3.wav
A,Method A — SDEdit (noise injection),noise_level,0.7,0.4,a0.70_sp0.4,100.0,0.2134,0.2279,668.85,12.256,C:\Users\User\Documents\MSc\Studies\New folder\results\extension_2\method_A\audio\a0.70_sp0.4.wav
A,Method A — SDEdit (noise injection),noise_level,0.7,0.5,a0.70_sp0.5,100.0,0.2015,0.2255,667.03,12.256,C:\Users\User\Documents\MSc\Studies\New folder\results\extension_2\method_A\audio\a0.70_sp0.5.wav
A,Method A — SDEdit (noise injection),noise_level,0.7,0.6,a0.70_sp0.6,100.0,0.1835,0.2185,665.37,12.256,C:\Users\User\Documents\MSc\Studies\New folder\results\extension_2\method_A\audio\a0.70_sp0.6.wav
A,Method A — SDEdit (noise injection),noise_level,0.7,0.7,a0.70_sp0.7,100.0,0.1721,0.2159,663.72,12.256,C:\Users\User\Documents\MSc\Studies\New folder\results\extension_2\method_A\audio\a0.70_sp0.7.wav
A,Method A — SDEdit (noise injection),noise_level,0.7,0.8,a0.70_sp0.8,100.0,0.1631,0.2141,661.85,12.256,C:\Users\User\Documents\MSc\Studies\New folder\results\extension_2\method_A\audio\a0.70_sp0.8.wav
A,Method A — SDEdit (noise injection),noise_level,0.7,0.9,a0.70_sp0.9,100.0,0.1531,0.2099,659.63,12.256,C:\Users\User\Documents\MSc\Studies\New folder\results\extension_2\method_A\audio\a0.70_sp0.9.wav
A,Method A — SDEdit (noise injection),noise_level,0.7,1.0,a0.70_sp1.0,100.0,0.1447,0.2068,657.74,12.256,C:\Users\User\Documents\MSc\Studies\New folder\results\extension_2\method_A\audio\a0.70_sp1.0.wav
B,Method B — Style Guidance (2-pass ODE),guidance_scale,0.0,-1.0,gs0.00_sn1.0,0.0,0.8928,0.7708,726.41,12.256,C:\Users\User\Documents\MSc\Studies\New folder\results\extension_2\method_B\audio\gs0.00_sn1.0.wav
B,Method B — Style Guidance (2-pass ODE),guidance_scale,0.0,0.0,gs0.00_sp0.0,0.0,0.805,0.7343,742.19,12.256,C:\Users\User\Documents\MSc\Studies\New folder\results\extension_2\method_B\audio\gs0.00_sp0.0.wav
B,Method B — Style Guidance (2-pass ODE),guidance_scale,0.5,-1.0,gs0.50_sn1.0,0.0,0.8435,0.8579,808.73,12.256,C:\Users\User\Documents\MSc\Studies\New folder\results\extension_2\method_B\audio\gs0.50_sn1.0.wav
B,Method B — Style Guidance (2-pass ODE),guidance_scale,0.5,0.0,gs0.50_sp0.0,15.0,0.8166,0.7792,861.18,12.256,C:\Users\User\Documents\MSc\Studies\New folder\results\extension_2\method_B\audio\gs0.50_sp0.0.wav
B,Method B — Style Guidance (2-pass ODE),guidance_scale,1.0,-1.0,gs1.00_sn1.0,60.0,0.8322,0.8947,958.42,12.256,C:\Users\User\Documents\MSc\Studies\New folder\results\extension_2\method_B\audio\gs1.00_sn1.0.wav
B,Method B — Style Guidance (2-pass ODE),guidance_scale,1.0,0.0,gs1.00_sp0.0,20.0,0.7542,0.9001,914.64,12.256,C:\Users\User\Documents\MSc\Studies\New folder\results\extension_2\method_B\audio\gs1.00_sp0.0.wav
B,Method B — Style Guidance (2-pass ODE),guidance_scale,1.5,-1.0,gs1.50_sn1.0,30.0,0.8432,0.8941,985.88,12.256,C:\Users\User\Documents\MSc\Studies\New folder\results\extension_2\method_B\audio\gs1.50_sn1.0.wav
B,Method B — Style Guidance (2-pass ODE),guidance_scale,1.5,0.0,gs1.50_sp0.0,25.0,0.7322,0.872,951.15,12.256,C:\Users\User\Documents\MSc\Studies\New folder\results\extension_2\method_B\audio\gs1.50_sp0.0.wav
B,Method B — Style Guidance (2-pass ODE),guidance_scale,2.0,-1.0,gs2.00_sn1.0,35.0,0.8347,0.894,1040.6,12.256,C:\Users\User\Documents\MSc\Studies\New folder\results\extension_2\method_B\audio\gs2.00_sn1.0.wav
B,Method B — Style Guidance (2-pass ODE),guidance_scale,2.0,0.0,gs2.00_sp0.0,45.0,0.7094,0.7364,937.68,12.256,C:\Users\User\Documents\MSc\Studies\New folder\results\extension_2\method_B\audio\gs2.00_sp0.0.wav
C,Method C — Scheduled Conditioning,switch_point,0.0,-1.0,sw0.00_sn1.0,0.0,0.8928,0.7708,726.41,12.256,C:\Users\User\Documents\MSc\Studies\New folder\results\extension_2\method_C\audio\sw0.00_sn1.0.wav
C,Method C — Scheduled Conditioning,switch_point,0.0,0.0,sw0.00_sp0.0,0.0,0.805,0.7343,742.19,12.256,C:\Users\User\Documents\MSc\Studies\New folder\results\extension_2\method_C\audio\sw0.00_sp0.0.wav
C,Method C — Scheduled Conditioning,switch_point,0.25,-1.0,sw0.25_sn1.0,65.0,0.8479,0.8883,966.17,12.256,C:\Users\User\Documents\MSc\Studies\New folder\results\extension_2\method_C\audio\sw0.25_sn1.0.wav
C,Method C — Scheduled Conditioning,switch_point,0.25,0.0,sw0.25_sp0.0,20.0,0.7526,0.8879,932.06,12.256,C:\Users\User\Documents\MSc\Studies\New folder\results\extension_2\method_C\audio\sw0.25_sp0.0.wav
C,Method C — Scheduled Conditioning,switch_point,0.5,-1.0,sw0.50_sn1.0,70.0,0.8443,0.8861,950.54,12.256,C:\Users\User\Documents\MSc\Studies\New folder\results\extension_2\method_C\audio\sw0.50_sn1.0.wav
C,Method C — Scheduled Conditioning,switch_point,0.5,0.0,sw0.50_sp0.0,20.0,0.7592,0.8966,911.64,12.256,C:\Users\User\Documents\MSc\Studies\New folder\results\extension_2\method_C\audio\sw0.50_sp0.0.wav
C,Method C — Scheduled Conditioning,switch_point,0.75,-1.0,sw0.75_sn1.0,70.0,0.8376,0.8881,940.98,12.256,C:\Users\User\Documents\MSc\Studies\New folder\results\extension_2\method_C\audio\sw0.75_sn1.0.wav
C,Method C — Scheduled Conditioning,switch_point,0.75,0.0,sw0.75_sp0.0,20.0,0.7559,0.8953,898.66,12.256,C:\Users\User\Documents\MSc\Studies\New folder\results\extension_2\method_C\audio\sw0.75_sp0.0.wav
C,Method C — Scheduled Conditioning,switch_point,1.0,-1.0,sw1.00_sn1.0,70.0,0.8363,0.8917,956.62,12.256,C:\Users\User\Documents\MSc\Studies\New folder\results\extension_2\method_C\audio\sw1.00_sn1.0.wav
C,Method C — Scheduled Conditioning,switch_point,1.0,0.0,sw1.00_sp0.0,20.0,0.7539,0.8999,914.55,12.256,C:\Users\User\Documents\MSc\Studies\New folder\results\extension_2\method_C\audio\sw1.00_sp0.0.wav
D,Method D — Noise Stats Transfer,noise_level,0.0,-1.0,a0.00_sn1.0,0.0,0.8928,0.7708,726.41,12.256,C:\Users\User\Documents\MSc\Studies\New folder\results\extension_2\method_D\audio\a0.00_sn1.0.wav
D,Method D — Noise Stats Transfer,noise_level,0.0,0.0,a0.00_sp0.0,0.0,0.805,0.7343,742.19,12.256,C:\Users\User\Documents\MSc\Studies\New folder\results\extension_2\method_D\audio\a0.00_sp0.0.wav
D,Method D — Noise Stats Transfer,noise_level,0.1,-1.0,a0.10_sn1.0,100.0,0.1507,0.2585,655.07,12.256,C:\Users\User\Documents\MSc\Studies\New folder\results\extension_2\method_D\audio\a0.10_sn1.0.wav
D,Method D — Noise Stats Transfer,noise_level,0.1,0.0,a0.10_sp0.0,100.0,0.1536,0.2585,662.9,12.256,C:\Users\User\Documents\MSc\Studies\New folder\results\extension_2\method_D\audio\a0.10_sp0.0.wav
D,Method D — Noise Stats Transfer,noise_level,0.2,-1.0,a0.20_sn1.0,1330.0,0.1482,0.2585,646.86,12.256,C:\Users\User\Documents\MSc\Studies\New folder\results\extension_2\method_D\audio\a0.20_sn1.0.wav
D,Method D — Noise Stats Transfer,noise_level,0.2,0.0,a0.20_sp0.0,1330.0,0.149,0.2586,649.19,12.256,C:\Users\User\Documents\MSc\Studies\New folder\results\extension_2\method_D\audio\a0.20_sp0.0.wav
D,Method D — Noise Stats Transfer,noise_level,0.3,-1.0,a0.30_sn1.0,510.0,0.1493,0.2602,628.99,12.256,C:\Users\User\Documents\MSc\Studies\New folder\results\extension_2\method_D\audio\a0.30_sn1.0.wav
D,Method D — Noise Stats Transfer,noise_level,0.3,0.0,a0.30_sp0.0,1325.0,0.151,0.2608,629.44,12.256,C:\Users\User\Documents\MSc\Studies\New folder\results\extension_2\method_D\audio\a0.30_sp0.0.wav
D,Method D — Noise Stats Transfer,noise_level,0.5,-1.0,a0.50_sn1.0,1110.0,0.1627,0.2751,593.58,12.256,C:\Users\User\Documents\MSc\Studies\New folder\results\extension_2\method_D\audio\a0.50_sn1.0.wav
D,Method D — Noise Stats Transfer,noise_level,0.5,0.0,a0.50_sp0.0,100.0,0.1631,0.276,593.19,12.256,C:\Users\User\Documents\MSc\Studies\New folder\results\extension_2\method_D\audio\a0.50_sp0.0.wav
D,Method D — Noise Stats Transfer,noise_level,0.7,-1.0,a0.70_sn1.0,100.0,0.2317,0.293,609.48,12.256,C:\Users\User\Documents\MSc\Studies\New folder\results\extension_2\method_D\audio\a0.70_sn1.0.wav
D,Method D — Noise Stats Transfer,noise_level,0.7,0.0,a0.70_sp0.0,100.0,0.2511,0.2921,612.3,12.256,C:\Users\User\Documents\MSc\Studies\New folder\results\extension_2\method_D\audio\a0.70_sp0.0.wav
